latitude,longitude,elevation,utc_offset_seconds,timezone,timezone_abbreviation
28.576448,77.18678,214.0,19800,Asia/Kolkata,GMT+5:30

time,temperature_2m_max (°C),temperature_2m_min (°C),precipitation_sum (mm),rain_sum (mm),weathercode (wmo code)
2020-01-01,17.7,2.9,0.00,0.00,3
2020-01-02,19.5,6.8,0.00,0.00,2
2020-01-03,19.0,8.3,0.10,0.10,51
2020-01-04,18.9,8.8,0.50,0.50,51
2020-01-05,19.8,7.9,0.00,0.00,3
2020-01-06,17.1,10.3,0.00,0.00,3
2020-01-07,17.8,11.1,2.10,2.10,53
2020-01-08,15.3,10.3,17.50,17.50,61
2020-01-09,16.0,7.1,0.00,0.00,0
2020-01-10,16.6,5.8,0.00,0.00,0
2020-01-11,16.9,5.5,0.00,0.00,3
2020-01-12,19.7,6.0,0.00,0.00,2
2020-01-13,20.6,9.2,16.60,16.60,63
2020-01-14,18.3,10.5,0.30,0.30,51
2020-01-15,18.6,7.4,0.00,0.00,1
2020-01-16,15.8,9.4,11.10,11.10,61
2020-01-17,17.9,10.2,0.60,0.60,51
2020-01-18,17.2,8.9,0.20,0.20,51
2020-01-19,17.6,7.8,0.00,0.00,0
2020-01-20,17.5,7.2,0.00,0.00,3
2020-01-21,18.2,9.3,0.00,0.00,3
2020-01-22,18.8,7.4,0.00,0.00,3
2020-01-23,17.8,8.5,0.00,0.00,3
2020-01-24,19.2,8.4,0.00,0.00,3
2020-01-25,18.2,5.3,0.00,0.00,2
2020-01-26,20.2,7.1,0.00,0.00,3
2020-01-27,20.0,8.6,0.40,0.40,51
2020-01-28,19.3,11.0,16.00,16.00,63
2020-01-29,18.5,10.3,0.50,0.50,51
2020-01-30,18.2,8.5,0.00,0.00,0
2020-01-31,17.5,7.4,0.00,0.00,0
2020-02-01,18.3,7.6,0.00,0.00,0
2020-02-02,18.1,6.8,0.00,0.00,0
2020-02-03,18.8,6.5,0.00,0.00,0
2020-02-04,19.6,7.2,0.00,0.00,1
2020-02-05,19.0,8.3,0.00,0.00,3
2020-02-06,17.5,6.9,0.00,0.00,0
2020-02-07,18.3,8.1,0.10,0.10,51
2020-02-08,19.1,7.0,0.00,0.00,0
2020-02-09,19.8,7.0,0.00,0.00,3
2020-02-10,20.1,7.4,0.00,0.00,3
2020-02-11,20.6,7.2,0.00,0.00,2
2020-02-12,23.8,9.1,0.00,0.00,3
2020-02-13,26.6,13.0,0.00,0.00,1
2020-02-14,24.0,13.8,0.00,0.00,0
2020-02-15,24.7,12.2,0.00,0.00,0
2020-02-16,25.0,11.0,0.00,0.00,0
2020-02-17,25.5,9.1,0.00,0.00,0
2020-02-18,25.4,10.3,0.00,0.00,1
2020-02-19,25.2,10.0,0.00,0.00,3
2020-02-20,26.3,15.0,2.10,2.10,55
2020-02-21,18.9,13.6,13.40,13.40,63
2020-02-22,21.5,13.9,0.70,0.70,51
2020-02-23,23.2,13.2,2.60,2.60,61
2020-02-24,23.5,12.3,0.10,0.10,51
2020-02-25,24.4,13.1,0.00,0.00,0
2020-02-26,25.0,12.7,0.00,0.00,3
2020-02-27,25.4,13.4,0.00,0.00,3
2020-02-28,25.6,16.0,0.00,0.00,3
2020-02-29,21.9,16.1,9.10,9.10,63
2020-03-01,24.9,15.1,0.00,0.00,2
2020-03-02,25.4,14.8,0.20,0.20,51
2020-03-03,26.0,13.6,0.00,0.00,1
2020-03-04,24.9,13.9,1.00,1.00,53
2020-03-05,24.5,14.5,13.00,13.00,63
2020-03-06,21.3,13.7,23.30,23.30,63
2020-03-07,20.4,12.8,1.70,1.70,53
2020-03-08,22.7,11.6,0.00,0.00,3
2020-03-09,23.6,11.8,0.00,0.00,0
2020-03-10,23.7,10.1,0.00,0.00,3
2020-03-11,23.9,14.9,2.60,2.60,61
2020-03-12,25.7,14.3,0.00,0.00,2
2020-03-13,24.7,13.7,10.00,10.00,63
2020-03-14,20.7,13.5,4.20,4.20,61
2020-03-15,21.3,11.2,0.10,0.10,51
2020-03-16,23.9,12.8,0.00,0.00,3
2020-03-17,25.6,13.5,0.00,0.00,0
2020-03-18,27.1,14.3,0.00,0.00,3
2020-03-19,27.4,15.2,0.20,0.20,51
2020-03-20,29.0,16.0,0.40,0.40,51
2020-03-21,28.4,15.2,1.60,1.60,61
2020-03-22,28.6,15.5,0.00,0.00,3
2020-03-23,29.2,16.2,0.00,0.00,3
2020-03-24,30.2,18.2,0.70,0.70,53
2020-03-25,30.3,17.8,0.00,0.00,3
2020-03-26,29.7,18.8,0.00,0.00,3
2020-03-27,25.2,19.2,6.00,6.00,61
2020-03-28,27.3,16.1,0.10,0.10,51
2020-03-29,28.2,16.4,0.00,0.00,1
2020-03-30,28.8,15.8,0.00,0.00,3
2020-03-31,30.1,16.1,0.10,0.10,51
2020-04-01,31.1,17.6,0.00,0.00,1
2020-04-02,29.5,17.8,0.00,0.00,3
2020-04-03,29.4,16.1,0.00,0.00,2
2020-04-04,31.0,15.5,0.00,0.00,0
2020-04-05,31.6,17.0,0.00,0.00,2
2020-04-06,33.4,18.4,0.00,0.00,3
2020-04-07,32.8,18.4,0.40,0.40,51
2020-04-08,31.5,18.7,0.00,0.00,2
2020-04-09,31.5,17.5,0.00,0.00,3
2020-04-10,34.0,18.0,0.00,0.00,3
2020-04-11,35.1,19.2,0.00,0.00,3
2020-04-12,34.9,20.8,0.00,0.00,3
2020-04-13,37.0,20.8,0.00,0.00,3
2020-04-14,37.9,22.8,0.00,0.00,3
2020-04-15,37.6,25.1,0.00,0.00,3
2020-04-16,37.8,23.1,0.00,0.00,3
2020-04-17,34.7,25.2,0.00,0.00,3
2020-04-18,35.5,23.5,0.00,0.00,3
2020-04-19,33.9,22.3,0.00,0.00,3
2020-04-20,33.9,21.6,0.40,0.40,51
2020-04-21,32.2,19.6,0.00,0.00,2
2020-04-22,34.1,20.0,0.00,0.00,3
2020-04-23,35.5,24.3,0.00,0.00,3
2020-04-24,35.4,21.7,0.00,0.00,1
2020-04-25,33.7,23.6,0.50,0.50,53
2020-04-26,31.8,23.4,1.00,1.00,53
2020-04-27,30.4,20.8,2.80,2.80,53
2020-04-28,32.3,21.6,0.20,0.20,51
2020-04-29,34.7,21.1,0.00,0.00,1
2020-04-30,36.1,24.1,0.20,0.20,51
2020-05-01,38.4,22.4,0.00,0.00,2
2020-05-02,36.6,24.3,0.90,0.90,53
2020-05-03,34.7,23.5,21.80,21.80,65
2020-05-04,32.9,21.0,0.00,0.00,3
2020-05-05,34.4,23.1,0.00,0.00,3
2020-05-06,35.2,21.7,0.00,0.00,3
2020-05-07,35.8,22.1,0.00,0.00,3
2020-05-08,38.1,23.1,0.00,0.00,3
2020-05-09,39.5,25.2,0.00,0.00,3
2020-05-10,36.3,24.5,0.80,0.80,53
2020-05-11,35.8,22.8,0.30,0.30,51
2020-05-12,35.5,23.1,0.00,0.00,3
2020-05-13,35.5,25.8,0.30,0.30,51
2020-05-14,36.8,24.1,0.00,0.00,3
2020-05-15,38.2,24.7,0.00,0.00,2
2020-05-16,38.1,24.6,0.00,0.00,1
2020-05-17,38.7,24.1,0.00,0.00,3
2020-05-18,38.7,23.8,0.00,0.00,2
2020-05-19,38.6,24.7,0.00,0.00,1
2020-05-20,37.7,23.3,0.00,0.00,0
2020-05-21,40.2,24.0,0.00,0.00,0
2020-05-22,42.1,25.3,0.00,0.00,0
2020-05-23,41.7,27.7,0.00,0.00,2
2020-05-24,42.3,27.7,0.00,0.00,2
2020-05-25,43.2,27.8,0.00,0.00,0
2020-05-26,44.2,29.6,0.00,0.00,1
2020-05-27,43.7,28.9,0.00,0.00,2
2020-05-28,38.2,28.6,0.10,0.10,51
2020-05-29,35.1,25.9,4.20,4.20,61
2020-05-30,32.7,23.5,5.40,5.40,63
2020-05-31,32.6,22.9,0.20,0.20,51
2020-06-01,33.3,21.6,0.00,0.00,3
2020-06-02,34.4,24.0,0.00,0.00,3
2020-06-03,35.8,24.2,0.00,0.00,2
2020-06-04,34.4,24.9,0.00,0.00,3
2020-06-05,34.4,24.8,0.00,0.00,1
2020-06-06,34.4,24.4,0.00,0.00,3
2020-06-07,36.2,26.7,1.20,1.20,53
2020-06-08,35.5,25.6,0.10,0.10,51
2020-06-09,37.9,26.7,0.00,0.00,1
2020-06-10,38.4,28.3,0.00,0.00,1
2020-06-11,37.6,27.7,0.00,0.00,1
2020-06-12,38.5,28.9,0.00,0.00,2
2020-06-13,38.5,29.6,0.00,0.00,3
2020-06-14,38.5,29.2,0.00,0.00,1
2020-06-15,40.1,29.2,0.00,0.00,1
2020-06-16,39.2,28.5,0.10,0.10,51
2020-06-17,39.9,29.0,0.00,0.00,1
2020-06-18,41.2,28.1,0.00,0.00,2
2020-06-19,40.3,30.0,0.00,0.00,2
2020-06-20,39.2,29.5,1.20,1.20,55
2020-06-21,38.6,28.7,0.00,0.00,2
2020-06-22,36.5,27.6,1.00,1.00,53
2020-06-23,35.1,28.4,2.00,2.00,61
2020-06-24,33.1,28.3,3.10,3.10,61
2020-06-25,37.1,26.7,0.00,0.00,3
2020-06-26,36.4,27.9,1.40,1.40,53
2020-06-27,38.3,29.5,0.10,0.10,51
2020-06-28,38.9,30.3,0.20,0.20,51
2020-06-29,39.7,29.7,0.50,0.50,51
2020-06-30,36.4,27.2,0.00,0.00,3
2020-07-01,38.2,28.6,0.00,0.00,1
2020-07-02,40.6,29.9,0.10,0.10,51
2020-07-03,41.2,31.0,0.00,0.00,2
2020-07-04,37.7,28.7,0.00,0.00,2
2020-07-05,34.6,24.9,4.10,4.10,63
2020-07-06,34.7,26.5,0.30,0.30,51
2020-07-07,32.9,27.1,1.50,1.50,53
2020-07-08,32.8,25.6,5.40,5.40,61
2020-07-09,33.6,26.8,2.20,2.20,53
2020-07-10,37.8,28.7,1.60,1.60,53
2020-07-11,36.4,26.0,0.90,0.90,53
2020-07-12,35.5,28.8,0.50,0.50,51
2020-07-13,36.2,27.3,0.10,0.10,51
2020-07-14,38.6,28.9,0.00,0.00,3
2020-07-15,36.4,28.0,0.10,0.10,51
2020-07-16,33.6,28.2,4.60,4.60,63
2020-07-17,34.9,28.2,10.80,10.80,63
2020-07-18,35.8,27.3,2.50,2.50,53
2020-07-19,34.6,27.1,14.10,14.10,63
2020-07-20,33.3,26.3,15.30,15.30,63
2020-07-21,32.4,25.1,13.50,13.50,63
2020-07-22,30.3,25.3,14.40,14.40,63
2020-07-23,32.8,24.4,0.20,0.20,51
2020-07-24,32.4,26.1,1.60,1.60,53
2020-07-25,32.3,25.8,1.90,1.90,53
2020-07-26,34.1,25.6,2.60,2.60,61
2020-07-27,34.3,27.8,2.70,2.70,53
2020-07-28,35.5,29.1,0.40,0.40,51
2020-07-29,33.9,27.8,0.10,0.10,51
2020-07-30,31.9,25.8,3.90,3.90,63
2020-07-31,33.1,25.4,8.50,8.50,61
2020-08-01,32.8,26.8,5.60,5.60,63
2020-08-02,35.2,27.5,0.20,0.20,51
2020-08-03,35.9,28.5,1.30,1.30,51
2020-08-04,36.9,27.3,0.90,0.90,53
2020-08-05,33.7,28.1,2.10,2.10,61
2020-08-06,34.8,27.6,0.10,0.10,51
2020-08-07,33.6,27.2,0.90,0.90,51
2020-08-08,34.5,27.4,3.30,3.30,53
2020-08-09,33.3,26.9,22.80,22.80,63
2020-08-10,31.1,26.5,2.40,2.40,55
2020-08-11,31.8,26.5,15.80,15.80,63
2020-08-12,33.8,26.3,3.40,3.40,53
2020-08-13,27.5,25.8,84.60,84.60,65
2020-08-14,30.9,25.6,5.00,5.00,61
2020-08-15,32.3,25.9,2.60,2.60,53
2020-08-16,31.9,26.0,6.20,6.20,55
2020-08-17,32.8,26.7,2.10,2.10,55
2020-08-18,32.3,27.6,9.70,9.70,63
2020-08-19,29.1,26.1,16.70,16.70,63
2020-08-20,29.1,24.5,8.80,8.80,61
2020-08-21,32.2,25.9,0.20,0.20,51
2020-08-22,32.6,26.1,0.10,0.10,51
2020-08-23,31.4,25.8,2.00,2.00,51
2020-08-24,30.6,25.5,0.80,0.80,51
2020-08-25,31.8,25.6,0.90,0.90,51
2020-08-26,32.2,26.1,0.90,0.90,51
2020-08-27,31.5,26.6,1.10,1.10,51
2020-08-28,33.0,26.0,2.80,2.80,61
2020-08-29,32.5,25.4,1.80,1.80,61
2020-08-30,30.4,26.3,2.40,2.40,53
2020-08-31,31.5,25.2,1.50,1.50,51
2020-09-01,32.4,25.2,1.30,1.30,51
2020-09-02,32.4,25.5,0.80,0.80,51
2020-09-03,31.5,26.2,5.40,5.40,63
2020-09-04,32.3,26.2,2.50,2.50,55
2020-09-05,33.1,25.8,9.60,9.60,63
2020-09-06,31.3,25.9,5.30,5.30,55
2020-09-07,32.1,25.9,4.50,4.50,61
2020-09-08,32.9,26.1,0.40,0.40,51
2020-09-09,34.1,25.9,0.00,0.00,2
2020-09-10,34.3,26.0,0.00,0.00,3
2020-09-11,34.9,25.9,0.00,0.00,3
2020-09-12,34.7,25.5,0.00,0.00,3
2020-09-13,33.6,25.9,0.00,0.00,3
2020-09-14,33.7,26.5,0.60,0.60,51
2020-09-15,35.2,26.1,0.00,0.00,3
2020-09-16,36.3,26.8,0.00,0.00,2
2020-09-17,36.6,27.2,0.00,0.00,3
2020-09-18,37.3,27.4,0.00,0.00,2
2020-09-19,36.2,26.9,0.00,0.00,2
2020-09-20,36.0,26.4,0.00,0.00,3
2020-09-21,35.6,25.2,0.00,0.00,0
2020-09-22,33.5,26.7,5.70,5.70,61
2020-09-23,32.7,26.1,2.30,2.30,53
2020-09-24,35.4,25.5,0.00,0.00,3
2020-09-25,36.6,25.8,0.00,0.00,2
2020-09-26,34.6,24.3,0.00,0.00,2
2020-09-27,34.7,24.2,0.00,0.00,1
2020-09-28,34.8,23.5,0.00,0.00,0
2020-09-29,34.5,22.4,0.00,0.00,0
2020-09-30,34.5,22.0,0.00,0.00,0
2020-10-01,35.2,22.1,0.00,0.00,0
2020-10-02,34.7,21.7,0.00,0.00,0
2020-10-03,33.7,21.1,0.00,0.00,0
2020-10-04,33.5,18.3,0.00,0.00,0
2020-10-05,34.0,20.1,0.00,0.00,0
2020-10-06,34.1,19.4,0.00,0.00,0
2020-10-07,34.5,20.2,0.00,0.00,0
2020-10-08,34.0,19.4,0.00,0.00,0
2020-10-09,33.5,19.5,0.00,0.00,0
2020-10-10,33.7,20.5,0.00,0.00,3
2020-10-11,33.7,20.5,0.00,0.00,0
2020-10-12,33.2,20.2,0.00,0.00,0
2020-10-13,34.0,21.4,0.00,0.00,2
2020-10-14,33.1,22.5,0.00,0.00,2
2020-10-15,33.5,21.8,0.00,0.00,1
2020-10-16,32.9,18.5,0.00,0.00,0
2020-10-17,33.2,21.4,0.00,0.00,0
2020-10-18,33.2,19.3,0.00,0.00,0
2020-10-19,32.4,19.3,0.00,0.00,1
2020-10-20,33.0,17.3,0.00,0.00,0
2020-10-21,33.4,17.2,0.00,0.00,3
2020-10-22,32.5,20.3,0.00,0.00,3
2020-10-23,32.5,17.7,0.00,0.00,1
2020-10-24,32.4,18.7,0.00,0.00,0
2020-10-25,32.9,18.2,0.00,0.00,0
2020-10-26,32.2,18.5,0.00,0.00,3
2020-10-27,30.8,16.8,0.00,0.00,0
2020-10-28,30.2,15.3,0.00,0.00,0
2020-10-29,30.2,16.7,0.00,0.00,0
2020-10-30,30.1,14.5,0.00,0.00,0
2020-10-31,30.1,15.1,0.00,0.00,0
2020-11-01,29.0,14.3,0.00,0.00,0
2020-11-02,29.4,13.7,0.00,0.00,0
2020-11-03,29.7,12.8,0.00,0.00,0
2020-11-04,29.0,13.8,0.00,0.00,0
2020-11-05,30.1,14.6,0.00,0.00,0
2020-11-06,30.3,13.4,0.00,0.00,0
2020-11-07,29.5,14.2,0.00,0.00,0
2020-11-08,29.2,12.6,0.00,0.00,0
2020-11-09,28.7,12.7,0.00,0.00,0
2020-11-10,27.7,15.3,0.00,0.00,1
2020-11-11,27.7,14.5,0.00,0.00,0
2020-11-12,27.3,13.9,0.00,0.00,2
2020-11-13,27.2,13.4,0.00,0.00,0
2020-11-14,27.9,14.2,0.00,0.00,3
2020-11-15,29.0,15.8,4.20,4.20,61
2020-11-16,25.1,16.2,8.20,8.20,63
2020-11-17,24.1,14.5,0.00,0.00,1
2020-11-18,23.8,13.5,0.00,0.00,0
2020-11-19,23.2,12.7,0.00,0.00,2
2020-11-20,23.6,11.3,0.00,0.00,0
2020-11-21,22.6,11.6,0.00,0.00,0
2020-11-22,22.6,10.0,0.00,0.00,3
2020-11-23,23.1,9.0,0.00,0.00,1
2020-11-24,23.0,9.8,0.00,0.00,3
2020-11-25,22.1,13.7,0.00,0.00,3
2020-11-26,22.5,13.5,0.70,0.70,51
2020-11-27,24.1,12.3,0.00,0.00,0
2020-11-28,23.8,11.2,0.00,0.00,0
2020-11-29,23.4,9.8,0.00,0.00,1
2020-11-30,24.0,10.0,0.00,0.00,1
2020-12-01,24.5,10.1,0.00,0.00,0
2020-12-02,25.6,11.0,0.00,0.00,0
2020-12-03,25.5,11.6,0.00,0.00,0
2020-12-04,26.8,11.4,0.00,0.00,0
2020-12-05,26.5,13.1,0.00,0.00,0
2020-12-06,26.7,13.6,0.00,0.00,2
2020-12-07,26.0,13.0,0.00,0.00,0
2020-12-08,25.6,11.7,0.00,0.00,0
2020-12-09,26.0,12.5,0.00,0.00,0
2020-12-10,26.3,13.1,0.00,0.00,0
2020-12-11,25.4,13.0,0.20,0.20,51
2020-12-12,22.9,14.7,0.90,0.90,51
2020-12-13,21.0,10.7,0.00,0.00,0
2020-12-14,19.8,8.4,0.00,0.00,0
2020-12-15,18.5,6.4,0.00,0.00,0
2020-12-16,18.8,6.8,0.00,0.00,0
2020-12-17,16.4,5.3,0.00,0.00,0
2020-12-18,17.9,5.9,0.00,0.00,0
2020-12-19,19.7,6.3,0.00,0.00,0
2020-12-20,20.9,7.1,0.00,0.00,3
2020-12-21,19.6,7.9,0.00,0.00,3
2020-12-22,21.0,7.9,0.00,0.00,3
2020-12-23,21.2,6.2,0.00,0.00,0
2020-12-24,21.8,6.8,0.00,0.00,0
2020-12-25,20.9,6.4,0.00,0.00,0
2020-12-26,20.1,6.6,0.00,0.00,3
2020-12-27,22.0,9.3,0.20,0.20,51
2020-12-28,17.8,6.8,0.00,0.00,2
2020-12-29,16.5,5.5,0.00,0.00,1
2020-12-30,16.6,5.1,0.00,0.00,1
2020-12-31,17.1,4.9,0.00,0.00,3
2021-01-01,18.1,3.5,0.00,0.00,3
2021-01-02,18.5,9.7,4.50,4.50,61
2021-01-03,21.0,12.3,8.10,8.10,61
2021-01-04,22.3,13.0,5.60,5.60,61
2021-01-05,21.8,14.0,2.80,2.80,55
2021-01-06,21.8,14.8,2.70,2.70,53
2021-01-07,19.5,11.1,0.00,0.00,3
2021-01-08,19.1,9.0,0.00,0.00,3
2021-01-09,20.0,11.1,0.00,0.00,3
2021-01-10,17.7,8.7,0.00,0.00,3
2021-01-11,17.9,7.3,0.00,0.00,0
2021-01-12,18.2,6.8,0.00,0.00,0
2021-01-13,18.6,6.0,0.00,0.00,0
2021-01-14,18.8,4.8,0.00,0.00,3
2021-01-15,19.5,8.0,0.00,0.00,3
2021-01-16,17.1,5.3,0.00,0.00,3
2021-01-17,19.0,6.7,0.00,0.00,3
2021-01-18,18.2,10.4,3.00,3.00,53
2021-01-19,21.0,10.1,0.00,0.00,1
2021-01-20,20.1,10.1,0.00,0.00,0
2021-01-21,20.5,9.3,0.00,0.00,0
2021-01-22,21.2,7.4,0.00,0.00,0
2021-01-23,21.0,8.9,0.00,0.00,1
2021-01-24,19.2,9.0,0.00,0.00,1
2021-01-25,18.3,6.5,0.00,0.00,0
2021-01-26,18.3,7.2,0.00,0.00,0
2021-01-27,18.8,6.6,0.00,0.00,0
2021-01-28,18.1,5.6,0.00,0.00,0
2021-01-29,18.7,6.0,0.00,0.00,0
2021-01-30,19.1,6.5,0.00,0.00,2
2021-01-31,20.5,5.3,0.00,0.00,0
2021-02-01,22.6,7.1,0.00,0.00,0
2021-02-02,23.5,7.6,0.00,0.00,0
2021-02-03,23.9,12.0,0.10,0.10,51
2021-02-04,21.6,10.6,11.00,11.00,63
2021-02-05,19.7,8.5,0.00,0.00,3
2021-02-06,20.1,8.8,0.00,0.00,0
2021-02-07,21.3,9.6,0.00,0.00,0
2021-02-08,22.4,8.6,0.00,0.00,1
2021-02-09,24.1,10.2,0.00,0.00,3
2021-02-10,25.3,11.8,0.00,0.00,3
2021-02-11,24.0,11.3,0.00,0.00,3
2021-02-12,24.6,11.2,0.00,0.00,3
2021-02-13,24.1,11.7,0.00,0.00,3
2021-02-14,25.6,12.3,0.00,0.00,3
2021-02-15,27.0,12.1,0.00,0.00,3
2021-02-16,26.9,12.2,0.00,0.00,0
2021-02-17,25.7,11.7,0.00,0.00,0
2021-02-18,25.6,11.5,0.00,0.00,3
2021-02-19,25.5,11.1,0.00,0.00,1
2021-02-20,25.9,11.8,0.00,0.00,2
2021-02-21,25.9,11.7,0.00,0.00,2
2021-02-22,27.4,12.7,0.00,0.00,2
2021-02-23,29.6,13.1,0.00,0.00,2
2021-02-24,30.1,13.6,0.00,0.00,0
2021-02-25,30.3,13.7,0.00,0.00,0
2021-02-26,30.9,15.5,0.00,0.00,1
2021-02-27,30.4,19.0,0.00,0.00,2
2021-02-28,29.9,16.9,0.00,0.00,2
2021-03-01,27.5,14.3,0.00,0.00,0
2021-03-02,27.6,14.7,0.00,0.00,0
2021-03-03,29.4,15.1,0.00,0.00,0
2021-03-04,31.4,15.2,0.00,0.00,0
2021-03-05,30.1,15.9,0.00,0.00,0
2021-03-06,30.6,15.3,0.00,0.00,0
2021-03-07,33.2,15.4,0.00,0.00,0
2021-03-08,31.1,19.2,0.00,0.00,1
2021-03-09,32.2,18.5,0.20,0.20,51
2021-03-10,31.0,18.4,0.10,0.10,51
2021-03-11,32.6,16.6,0.00,0.00,0
2021-03-12,30.5,18.0,0.70,0.70,53
2021-03-13,30.3,16.2,0.00,0.00,3
2021-03-14,30.1,16.4,0.00,0.00,3
2021-03-15,31.7,17.6,0.00,0.00,3
2021-03-16,32.3,17.3,0.00,0.00,3
2021-03-17,32.9,17.6,0.00,0.00,3
2021-03-18,33.1,17.5,0.00,0.00,3
2021-03-19,32.3,19.5,0.00,0.00,3
2021-03-20,32.6,17.6,0.00,0.00,1
2021-03-21,33.7,18.0,0.00,0.00,2
2021-03-22,33.3,18.9,0.00,0.00,3
2021-03-23,32.3,20.2,0.50,0.50,51
2021-03-24,31.2,16.9,0.00,0.00,3
2021-03-25,30.6,16.7,0.00,0.00,3
2021-03-26,30.9,16.2,0.00,0.00,0
2021-03-27,32.9,17.8,0.00,0.00,0
2021-03-28,35.4,18.6,0.00,0.00,0
2021-03-29,37.7,21.6,0.00,0.00,0
2021-03-30,36.7,23.3,0.00,0.00,0
2021-03-31,34.2,21.9,0.00,0.00,0
2021-04-01,33.7,19.1,0.00,0.00,0
2021-04-02,33.2,17.3,0.00,0.00,0
2021-04-03,33.8,16.9,0.00,0.00,0
2021-04-04,35.1,17.1,0.00,0.00,1
2021-04-05,38.0,19.5,0.00,0.00,3
2021-04-06,37.7,22.6,0.00,0.00,3
2021-04-07,35.6,21.5,0.00,0.00,1
2021-04-08,34.0,20.5,0.00,0.00,0
2021-04-09,35.3,18.6,0.00,0.00,3
2021-04-10,36.2,19.4,0.00,0.00,0
2021-04-11,37.3,20.2,0.00,0.00,1
2021-04-12,38.0,20.8,0.00,0.00,3
2021-04-13,37.9,22.0,0.00,0.00,3
2021-04-14,38.8,22.0,0.00,0.00,3
2021-04-15,38.8,23.0,0.00,0.00,2
2021-04-16,38.8,22.6,2.60,2.60,61
2021-04-17,34.2,19.7,0.00,0.00,3
2021-04-18,35.3,21.3,0.00,0.00,1
2021-04-19,37.1,21.4,0.00,0.00,2
2021-04-20,33.9,22.4,0.00,0.00,3
2021-04-21,31.9,19.0,0.00,0.00,3
2021-04-22,33.0,19.8,0.00,0.00,1
2021-04-23,34.3,22.5,0.00,0.00,3
2021-04-24,33.6,18.9,0.00,0.00,0
2021-04-25,36.7,21.1,0.00,0.00,0
2021-04-26,38.8,20.9,0.00,0.00,0
2021-04-27,41.0,23.4,0.00,0.00,1
2021-04-28,41.5,24.3,0.00,0.00,1
2021-04-29,40.7,25.5,0.00,0.00,2
2021-04-30,39.7,24.7,0.00,0.00,3
2021-05-01,39.4,24.9,0.00,0.00,3
2021-05-02,38.9,26.1,0.00,0.00,3
2021-05-03,37.0,25.3,0.00,0.00,3
2021-05-04,40.0,26.1,0.00,0.00,3
2021-05-05,38.6,26.1,0.30,0.30,51
2021-05-06,38.7,24.0,6.10,6.10,63
2021-05-07,36.2,21.7,4.10,4.10,61
2021-05-08,37.4,23.6,0.00,0.00,3
2021-05-09,37.9,25.2,0.00,0.00,3
2021-05-10,36.2,25.0,0.40,0.40,51
2021-05-11,38.4,25.1,0.10,0.10,51
2021-05-12,35.4,24.3,0.40,0.40,51
2021-05-13,31.7,22.3,1.50,1.50,55
2021-05-14,36.5,22.7,0.00,0.00,3
2021-05-15,35.7,24.7,0.00,0.00,2
2021-05-16,38.6,23.8,0.00,0.00,2
2021-05-17,37.3,26.6,0.00,0.00,3
2021-05-18,29.9,24.6,1.10,1.10,51
2021-05-19,24.3,20.8,98.70,98.70,65
2021-05-20,29.3,20.4,31.50,31.50,65
2021-05-21,31.6,20.8,2.30,2.30,61
2021-05-22,33.4,23.8,0.00,0.00,3
2021-05-23,33.9,22.8,0.00,0.00,3
2021-05-24,35.2,22.8,0.00,0.00,0
2021-05-25,37.1,24.9,0.00,0.00,0
2021-05-26,37.3,23.4,0.00,0.00,0
2021-05-27,37.7,23.0,0.00,0.00,0
2021-05-28,36.7,24.5,0.00,0.00,0
2021-05-29,37.1,26.2,0.00,0.00,0
2021-05-30,36.0,25.3,0.70,0.70,53
2021-05-31,36.8,26.3,0.10,0.10,51
2021-06-01,34.3,22.5,0.50,0.50,53
2021-06-02,34.8,23.5,5.40,5.40,61
2021-06-03,35.3,25.2,0.00,0.00,3
2021-06-04,36.0,25.2,0.00,0.00,3
2021-06-05,36.3,25.8,0.10,0.10,51
2021-06-06,37.5,25.9,0.00,0.00,1
2021-06-07,39.1,26.7,0.00,0.00,1
2021-06-08,40.9,29.0,0.00,0.00,1
2021-06-09,41.4,31.3,0.00,0.00,2
2021-06-10,38.1,29.8,0.00,0.00,2
2021-06-11,37.3,27.4,0.00,0.00,3
2021-06-12,37.8,28.7,0.00,0.00,1
2021-06-13,36.7,25.5,7.20,7.20,63
2021-06-14,36.5,26.2,0.00,0.00,1
2021-06-15,36.8,26.3,4.20,4.20,63
2021-06-16,35.3,25.6,2.30,2.30,61
2021-06-17,34.9,26.2,0.10,0.10,51
2021-06-18,33.7,25.8,0.70,0.70,51
2021-06-19,33.3,25.1,0.20,0.20,51
2021-06-20,33.3,25.2,1.10,1.10,51
2021-06-21,36.1,25.2,0.10,0.10,51
2021-06-22,39.2,28.4,0.00,0.00,3
2021-06-23,40.2,28.8,0.00,0.00,2
2021-06-24,38.5,28.2,0.00,0.00,1
2021-06-25,39.7,28.4,1.60,1.60,61
2021-06-26,37.8,26.6,0.00,0.00,3
2021-06-27,38.6,28.7,0.00,0.00,1
2021-06-28,39.9,28.6,0.00,0.00,1
2021-06-29,42.3,29.4,0.00,0.00,0
2021-06-30,43.3,30.2,0.00,0.00,3
2021-07-01,41.8,32.2,0.00,0.00,3
2021-07-02,41.2,31.2,0.10,0.10,51
2021-07-03,39.0,29.3,0.00,0.00,3
2021-07-04,40.3,28.6,0.00,0.00,3
2021-07-05,39.4,29.3,0.00,0.00,2
2021-07-06,39.9,29.6,0.00,0.00,1
2021-07-07,41.4,31.4,0.00,0.00,2
2021-07-08,40.3,32.3,0.00,0.00,3
2021-07-09,38.5,28.2,0.20,0.20,51
2021-07-10,38.1,29.7,1.20,1.20,51
2021-07-11,36.4,28.9,2.00,2.00,55
2021-07-12,34.0,28.0,4.90,4.90,61
2021-07-13,34.1,27.3,5.30,5.30,63
2021-07-14,33.5,27.4,9.40,9.40,63
2021-07-15,34.7,27.5,2.50,2.50,55
2021-07-16,34.7,27.5,3.80,3.80,55
2021-07-17,36.8,28.5,0.70,0.70,51
2021-07-18,34.4,27.3,24.90,24.90,63
2021-07-19,27.0,25.8,122.70,122.70,65
2021-07-20,30.6,25.8,27.30,27.30,65
2021-07-21,32.6,25.8,5.30,5.30,61
2021-07-22,30.5,25.7,5.10,5.10,61
2021-07-23,31.6,25.9,5.80,5.80,61
2021-07-24,33.9,26.8,0.70,0.70,51
2021-07-25,34.3,27.4,0.00,0.00,3
2021-07-26,30.7,27.9,4.90,4.90,55
2021-07-27,31.4,26.9,14.10,14.10,63
2021-07-28,29.0,26.1,18.70,18.70,61
2021-07-29,29.8,25.5,8.20,8.20,61
2021-07-30,30.3,25.6,11.00,11.00,63
2021-07-31,31.6,25.3,3.30,3.30,55
2021-08-01,32.1,26.6,0.90,0.90,51
2021-08-02,30.1,25.8,25.70,25.70,63
2021-08-03,31.9,26.2,8.20,8.20,61
2021-08-04,32.2,26.0,0.00,0.00,3
2021-08-05,32.9,25.8,0.30,0.30,51
2021-08-06,33.3,26.2,2.00,2.00,53
2021-08-07,31.7,27.2,8.50,8.50,63
2021-08-08,31.4,26.4,17.10,17.10,65
2021-08-09,30.7,26.2,3.20,3.20,55
2021-08-10,34.5,26.4,0.70,0.70,51
2021-08-11,34.7,27.8,0.00,0.00,1
2021-08-12,34.5,26.7,0.00,0.00,2
2021-08-13,35.1,27.0,0.00,0.00,1
2021-08-14,34.9,27.2,0.00,0.00,2
2021-08-15,34.8,26.8,0.00,0.00,1
2021-08-16,35.1,26.7,0.00,0.00,1
2021-08-17,35.4,26.9,0.00,0.00,2
2021-08-18,35.3,26.6,0.00,0.00,3
2021-08-19,34.2,27.3,0.50,0.50,51
2021-08-20,29.3,26.4,2.00,2.00,51
2021-08-21,29.0,24.9,30.30,30.30,63
2021-08-22,31.1,24.9,9.80,9.80,63
2021-08-23,31.6,25.9,5.90,5.90,61
2021-08-24,32.0,26.5,2.10,2.10,53
2021-08-25,34.3,27.9,0.00,0.00,3
2021-08-26,33.8,27.3,0.00,0.00,3
2021-08-27,34.0,25.8,0.00,0.00,3
2021-08-28,33.4,26.6,0.00,0.00,3
2021-08-29,32.3,25.9,1.30,1.30,53
2021-08-30,30.8,25.2,1.20,1.20,51
2021-08-31,31.0,24.7,5.30,5.30,63
2021-09-01,29.8,24.2,10.70,10.70,63
2021-09-02,31.7,24.6,1.20,1.20,51
2021-09-03,30.9,25.3,11.30,11.30,63
2021-09-04,30.6,24.9,14.70,14.70,65
2021-09-05,31.8,25.4,3.80,3.80,55
2021-09-06,32.2,26.1,4.10,4.10,63
2021-09-07,30.5,25.7,7.60,7.60,63
2021-09-08,30.7,26.1,2.30,2.30,51
2021-09-09,30.9,24.9,4.40,4.40,55
2021-09-10,30.1,24.9,16.60,16.60,63
2021-09-11,28.7,23.9,15.30,15.30,63
2021-09-12,29.2,24.5,6.40,6.40,61
2021-09-13,31.5,25.5,7.80,7.80,63
2021-09-14,31.2,25.7,0.30,0.30,51
2021-09-15,32.2,25.6,0.00,0.00,3
2021-09-16,32.7,25.2,4.10,4.10,63
2021-09-17,29.1,23.5,1.50,1.50,53
2021-09-18,30.8,24.2,0.10,0.10,51
2021-09-19,31.6,25.1,0.30,0.30,51
2021-09-20,32.1,24.9,0.70,0.70,51
2021-09-21,31.2,26.0,1.70,1.70,53
2021-09-22,29.8,24.5,17.30,17.30,63
2021-09-23,29.4,24.5,6.40,6.40,61
2021-09-24,30.7,24.6,2.10,2.10,53
2021-09-25,30.8,24.5,2.10,2.10,55
2021-09-26,30.5,24.1,1.50,1.50,51
2021-09-27,31.9,24.5,0.20,0.20,51
2021-09-28,32.0,25.6,1.70,1.70,61
2021-09-29,31.5,25.2,0.20,0.20,51
2021-09-30,31.5,25.3,0.70,0.70,51
2021-10-01,32.2,25.2,0.20,0.20,51
2021-10-02,33.0,25.6,0.20,0.20,51
2021-10-03,33.4,25.7,0.00,0.00,1
2021-10-04,32.8,25.8,0.10,0.10,51
2021-10-05,32.2,24.6,2.30,2.30,53
2021-10-06,32.4,25.5,0.10,0.10,51
2021-10-07,32.4,23.2,0.00,0.00,0
2021-10-08,33.2,23.3,0.00,0.00,0
2021-10-09,34.1,23.1,0.00,0.00,0
2021-10-10,34.9,22.1,0.00,0.00,0
2021-10-11,34.7,22.2,0.00,0.00,0
2021-10-12,34.5,22.7,0.00,0.00,0
2021-10-13,32.8,21.3,0.00,0.00,0
2021-10-14,32.0,19.6,0.00,0.00,0
2021-10-15,33.1,19.6,0.00,0.00,0
2021-10-16,33.5,20.9,0.00,0.00,3
2021-10-17,31.0,23.0,3.30,3.30,61
2021-10-18,23.7,20.9,27.40,27.40,65
2021-10-19,28.9,19.3,0.00,0.00,0
2021-10-20,30.8,20.0,0.00,0.00,0
2021-10-21,29.6,18.2,0.00,0.00,0
2021-10-22,30.3,20.2,0.00,0.00,0
2021-10-23,29.7,19.5,0.00,0.00,1
2021-10-24,27.3,19.0,0.20,0.20,51
2021-10-25,27.3,17.3,0.00,0.00,1
2021-10-26,26.7,16.8,0.00,0.00,0
2021-10-27,27.3,15.6,0.00,0.00,0
2021-10-28,27.4,15.4,0.00,0.00,0
2021-10-29,28.3,14.8,0.00,0.00,0
2021-10-30,28.4,15.8,0.00,0.00,0
2021-10-31,28.9,16.3,0.00,0.00,0
2021-11-01,28.9,16.2,0.00,0.00,0
2021-11-02,27.8,16.4,0.00,0.00,0
2021-11-03,28.6,15.6,0.00,0.00,0
2021-11-04,27.6,15.2,0.00,0.00,0
2021-11-05,27.4,14.8,0.00,0.00,3
2021-11-06,28.4,14.6,0.00,0.00,3
2021-11-07,28.4,15.6,0.00,0.00,2
2021-11-08,28.7,14.7,0.00,0.00,3
2021-11-09,28.2,15.3,0.00,0.00,3
2021-11-10,28.8,13.8,0.00,0.00,3
2021-11-11,28.3,13.5,0.00,0.00,3
2021-11-12,28.0,14.5,0.00,0.00,2
2021-11-13,27.0,12.6,0.00,0.00,0
2021-11-14,26.3,11.7,0.00,0.00,0
2021-11-15,25.8,12.3,0.00,0.00,0
2021-11-16,25.3,11.3,0.00,0.00,0
2021-11-17,24.7,10.9,0.00,0.00,3
2021-11-18,24.6,12.0,0.00,0.00,3
2021-11-19,24.8,11.8,0.00,0.00,3
2021-11-20,25.1,15.6,0.00,0.00,3
2021-11-21,25.9,13.5,0.00,0.00,0
2021-11-22,26.0,12.9,0.00,0.00,0
2021-11-23,25.6,12.3,0.00,0.00,0
2021-11-24,26.0,11.4,0.00,0.00,0
2021-11-25,25.1,12.0,0.00,0.00,0
2021-11-26,25.2,11.8,0.00,0.00,0
2021-11-27,25.2,13.0,0.00,0.00,1
2021-11-28,25.1,13.6,0.00,0.00,1
2021-11-29,24.9,11.4,0.00,0.00,3
2021-11-30,24.8,12.5,0.00,0.00,3
2021-12-01,21.9,13.5,0.00,0.00,3
2021-12-02,19.7,14.1,3.90,3.90,55
2021-12-03,22.6,12.8,0.00,0.00,3
2021-12-04,24.0,11.7,0.00,0.00,0
2021-12-05,24.3,13.4,0.50,0.50,53
2021-12-06,23.2,14.3,1.60,1.60,53
2021-12-07,22.8,12.6,0.00,0.00,0
2021-12-08,22.1,11.1,0.00,0.00,0
2021-12-09,22.0,9.3,0.00,0.00,0
2021-12-10,22.1,10.0,0.00,0.00,0
2021-12-11,21.7,9.5,0.00,0.00,3
2021-12-12,21.0,8.9,0.00,0.00,3
2021-12-13,19.3,8.2,0.00,0.00,3
2021-12-14,20.7,8.8,0.00,0.00,3
2021-12-15,20.6,9.2,0.00,0.00,0
2021-12-16,18.1,9.9,0.00,0.00,3
2021-12-17,17.9,8.0,0.00,0.00,1
2021-12-18,17.8,6.3,0.00,0.00,0
2021-12-19,17.5,6.1,0.00,0.00,1
2021-12-20,18.1,5.9,0.00,0.00,3
2021-12-21,19.5,5.2,0.00,0.00,3
2021-12-22,20.1,5.9,0.00,0.00,3
2021-12-23,21.1,8.4,0.00,0.00,3
2021-12-24,21.4,9.7,0.00,0.00,3
2021-12-25,21.1,10.6,0.00,0.00,3
2021-12-26,18.4,10.8,4.60,4.60,55
2021-12-27,19.7,10.7,3.20,3.20,61
2021-12-28,19.5,10.5,1.70,1.70,53
2021-12-29,19.1,8.4,0.00,0.00,3
2021-12-30,17.9,5.2,0.00,0.00,3
2021-12-31,17.8,5.0,0.00,0.00,3
2022-01-01,18.1,5.7,0.00,0.00,2
2022-01-02,18.8,6.8,0.00,0.00,3
2022-01-03,20.2,7.4,0.00,0.00,3
2022-01-04,22.0,8.1,0.20,0.20,51
2022-01-05,15.0,11.6,9.60,9.60,55
2022-01-06,18.6,12.0,0.90,0.90,53
2022-01-07,19.9,12.7,1.90,1.90,61
2022-01-08,17.1,14.1,16.20,16.20,63
2022-01-09,17.1,10.4,3.60,3.60,61
2022-01-10,16.9,8.0,0.00,0.00,1
2022-01-11,17.4,7.3,0.00,0.00,0
2022-01-12,17.1,7.6,0.00,0.00,3
2022-01-13,17.4,7.2,0.00,0.00,3
2022-01-14,16.6,6.2,0.00,0.00,3
2022-01-15,16.8,5.8,0.00,0.00,3
2022-01-16,15.8,5.9,0.00,0.00,3
2022-01-17,14.1,4.7,0.00,0.00,3
2022-01-18,16.1,5.4,0.00,0.00,3
2022-01-19,17.7,6.6,0.70,0.70,53
2022-01-20,17.7,9.3,0.90,0.90,53
2022-01-21,18.4,7.2,0.00,0.00,3
2022-01-22,16.1,11.9,22.80,22.80,63
2022-01-23,16.7,9.2,3.50,3.50,55
2022-01-24,16.2,7.1,0.60,0.60,51
2022-01-25,16.4,6.2,0.00,0.00,3
2022-01-26,16.8,6.3,0.00,0.00,2
2022-01-27,17.8,7.0,0.00,0.00,0
2022-01-28,17.9,7.1,0.00,0.00,0
2022-01-29,19.5,6.8,0.00,0.00,0
2022-01-30,20.3,8.9,0.00,0.00,0
2022-01-31,20.9,8.2,0.00,0.00,0
2022-02-01,20.8,8.7,0.00,0.00,3
2022-02-02,20.5,9.0,0.00,0.00,2
2022-02-03,15.1,10.3,16.60,16.60,63
2022-02-04,16.5,8.2,0.20,0.20,51
2022-02-05,16.7,5.7,0.00,0.00,3
2022-02-06,20.5,7.4,0.00,0.00,0
2022-02-07,22.3,8.3,0.00,0.00,3
2022-02-08,22.1,10.7,1.40,1.40,53
2022-02-09,18.6,10.3,3.60,3.60,61
2022-02-10,20.1,8.0,0.00,0.00,3
2022-02-11,20.2,9.9,0.00,0.00,0
2022-02-12,21.1,9.4,0.00,0.00,0
2022-02-13,22.4,8.4,0.00,0.00,0
2022-02-14,23.1,9.2,0.00,0.00,0
2022-02-15,23.2,11.0,0.00,0.00,0
2022-02-16,23.7,10.0,0.00,0.00,0
2022-02-17,24.2,10.6,0.00,0.00,1
2022-02-18,25.0,10.0,0.00,0.00,2
2022-02-19,24.0,10.4,0.00,0.00,0
2022-02-20,23.7,12.5,0.00,0.00,0
2022-02-21,24.5,11.2,0.00,0.00,0
2022-02-22,25.4,12.5,0.00,0.00,3
2022-02-23,23.8,14.2,0.00,0.00,3
2022-02-24,25.0,12.3,0.00,0.00,3
2022-02-25,25.0,12.6,0.00,0.00,3
2022-02-26,23.5,14.3,1.50,1.50,53
2022-02-27,23.4,12.3,0.00,0.00,2
2022-02-28,23.0,10.9,0.00,0.00,3
2022-03-01,24.4,10.7,0.00,0.00,2
2022-03-02,25.6,11.3,0.00,0.00,2
2022-03-03,26.9,13.0,1.60,1.60,55
2022-03-04,25.1,13.3,0.00,0.00,1
2022-03-05,25.7,13.1,0.00,0.00,0
2022-03-06,26.3,13.9,0.00,0.00,3
2022-03-07,28.0,14.2,0.00,0.00,3
2022-03-08,29.6,14.2,0.00,0.00,3
2022-03-09,30.1,15.4,0.00,0.00,3
2022-03-10,29.0,16.4,0.00,0.00,3
2022-03-11,28.9,15.8,0.00,0.00,0
2022-03-12,30.0,15.3,0.00,0.00,0
2022-03-13,31.5,16.9,0.00,0.00,0
2022-03-14,31.9,16.1,0.00,0.00,0
2022-03-15,33.4,18.8,0.00,0.00,0
2022-03-16,34.6,19.9,0.00,0.00,3
2022-03-17,33.2,20.1,0.00,0.00,2
2022-03-18,34.0,21.8,0.00,0.00,2
2022-03-19,34.6,20.4,0.00,0.00,1
2022-03-20,36.1,21.8,0.00,0.00,0
2022-03-21,35.9,20.1,0.00,0.00,0
2022-03-22,34.9,20.7,0.00,0.00,0
2022-03-23,35.3,18.9,0.00,0.00,2
2022-03-24,34.4,20.7,0.00,0.00,0
2022-03-25,34.5,19.4,0.00,0.00,0
2022-03-26,34.7,19.7,0.00,0.00,0
2022-03-27,36.2,20.1,0.00,0.00,0
2022-03-28,37.6,20.2,0.00,0.00,0
2022-03-29,38.4,19.1,0.00,0.00,0
2022-03-30,38.3,20.6,0.00,0.00,0
2022-03-31,38.7,21.3,0.00,0.00,0
2022-04-01,35.9,21.5,0.00,0.00,0
2022-04-02,37.4,19.9,0.00,0.00,0
2022-04-03,38.8,21.9,0.00,0.00,0
2022-04-04,37.9,21.8,0.00,0.00,3
2022-04-05,38.2,20.8,0.00,0.00,3
2022-04-06,38.7,20.9,0.00,0.00,3
2022-04-07,39.3,21.4,0.00,0.00,0
2022-04-08,40.8,23.0,0.00,0.00,0
2022-04-09,41.6,22.4,0.00,0.00,1
2022-04-10,41.0,24.2,0.00,0.00,0
2022-04-11,41.4,24.5,0.00,0.00,3
2022-04-12,39.8,26.0,0.00,0.00,3
2022-04-13,38.9,23.8,0.00,0.00,1
2022-04-14,39.3,25.2,0.00,0.00,3
2022-04-15,38.9,24.0,0.00,0.00,2
2022-04-16,39.5,23.1,0.00,0.00,1
2022-04-17,40.6,24.0,0.00,0.00,2
2022-04-18,41.3,24.1,0.00,0.00,0
2022-04-19,41.8,25.2,0.00,0.00,0
2022-04-20,40.8,27.2,0.00,0.00,3
2022-04-21,36.7,26.3,0.00,0.00,3
2022-04-22,38.3,22.6,0.00,0.00,0
2022-04-23,39.2,23.8,0.00,0.00,0
2022-04-24,39.7,24.3,0.00,0.00,2
2022-04-25,40.5,25.1,0.00,0.00,3
2022-04-26,40.6,25.1,0.00,0.00,1
2022-04-27,41.2,23.9,0.00,0.00,0
2022-04-28,43.0,26.1,0.00,0.00,3
2022-04-29,43.5,27.1,0.00,0.00,2
2022-04-30,43.3,28.3,0.00,0.00,1
2022-05-01,41.4,26.4,0.00,0.00,3
2022-05-02,40.9,26.1,0.00,0.00,3
2022-05-03,39.4,26.8,0.10,0.10,51
2022-05-04,39.2,26.1,0.20,0.20,51
2022-05-05,38.2,23.5,0.00,0.00,1
2022-05-06,39.3,25.7,0.00,0.00,1
2022-05-07,39.9,26.1,0.00,0.00,1
2022-05-08,41.2,25.5,0.00,0.00,0
2022-05-09,40.2,27.4,0.00,0.00,1
2022-05-10,39.7,28.2,0.00,0.00,2
2022-05-11,41.2,27.8,0.00,0.00,1
2022-05-12,42.7,28.7,0.00,0.00,1
2022-05-13,43.7,27.8,0.00,0.00,1
2022-05-14,44.3,27.6,0.00,0.00,0
2022-05-15,45.4,29.6,0.00,0.00,3
2022-05-16,42.0,31.5,0.00,0.00,3
2022-05-17,39.1,28.0,0.40,0.40,51
2022-05-18,42.3,27.6,0.00,0.00,2
2022-05-19,43.5,27.1,0.00,0.00,0
2022-05-20,45.2,28.2,0.00,0.00,3
2022-05-21,40.6,29.4,0.00,0.00,3
2022-05-22,40.0,25.8,0.00,0.00,1
2022-05-23,31.5,22.0,25.50,25.50,65
2022-05-24,33.1,21.5,0.00,0.00,3
2022-05-25,33.3,23.1,0.00,0.00,0
2022-05-26,35.5,23.8,0.00,0.00,0
2022-05-27,38.2,25.7,0.00,0.00,3
2022-05-28,39.7,27.0,1.20,1.20,55
2022-05-29,40.6,26.3,0.00,0.00,2
2022-05-30,40.7,27.6,0.20,0.20,51
2022-05-31,39.7,25.6,0.00,0.00,2
2022-06-01,40.5,25.4,0.00,0.00,1
2022-06-02,41.5,28.4,0.00,0.00,1
2022-06-03,42.5,27.2,0.00,0.00,2
2022-06-04,43.4,26.9,0.00,0.00,3
2022-06-05,42.9,28.8,0.00,0.00,3
2022-06-06,42.4,28.4,0.00,0.00,0
2022-06-07,43.3,29.6,0.00,0.00,2
2022-06-08,42.6,31.8,0.00,0.00,1
2022-06-09,42.9,30.7,0.00,0.00,2
2022-06-10,42.1,30.5,0.00,0.00,2
2022-06-11,43.3,31.2,0.00,0.00,1
2022-06-12,42.7,30.0,0.00,0.00,1
2022-06-13,43.1,31.7,0.00,0.00,3
2022-06-14,38.5,31.0,0.00,0.00,3
2022-06-15,41.9,29.4,0.00,0.00,1
2022-06-16,39.0,30.6,0.70,0.70,53
2022-06-17,36.5,23.8,11.60,11.60,65
2022-06-18,34.5,24.9,0.90,0.90,53
2022-06-19,32.0,23.7,9.90,9.90,61
2022-06-20,32.6,22.7,0.10,0.10,51
2022-06-21,32.1,24.3,9.30,9.30,65
2022-06-22,34.5,24.1,13.00,13.00,63
2022-06-23,36.7,26.3,0.00,0.00,3
2022-06-24,37.4,24.3,0.00,0.00,0
2022-06-25,38.3,24.9,0.00,0.00,3
2022-06-26,39.2,28.6,0.00,0.00,3
2022-06-27,38.7,30.3,0.00,0.00,3
2022-06-28,41.0,28.1,0.90,0.90,53
2022-06-29,41.9,29.3,0.00,0.00,3
2022-06-30,31.3,26.4,1.40,1.40,51
2022-07-01,32.0,24.8,1.00,1.00,51
2022-07-02,35.0,26.1,2.30,2.30,61
2022-07-03,34.4,25.4,4.50,4.50,61
2022-07-04,35.2,25.9,15.50,15.50,65
2022-07-05,36.4,27.0,0.20,0.20,51
2022-07-06,35.8,28.6,4.00,4.00,61
2022-07-07,35.5,27.4,0.50,0.50,51
2022-07-08,36.9,29.0,0.10,0.10,51
2022-07-09,34.1,28.6,1.20,1.20,53
2022-07-10,33.2,27.2,7.50,7.50,63
2022-07-11,35.0,26.9,0.10,0.10,51
2022-07-12,35.0,28.3,2.70,2.70,61
2022-07-13,35.4,27.8,0.20,0.20,51
2022-07-14,34.7,28.1,10.60,10.60,63
2022-07-15,36.4,28.9,2.60,2.60,61
2022-07-16,33.6,27.9,20.50,20.50,65
2022-07-17,34.2,25.7,10.30,10.30,63
2022-07-18,35.5,25.9,3.20,3.20,63
2022-07-19,35.3,27.4,1.70,1.70,53
2022-07-20,33.4,26.6,26.90,26.90,65
2022-07-21,30.7,24.6,16.50,16.50,63
2022-07-22,31.3,25.1,5.00,5.00,61
2022-07-23,30.9,25.0,15.40,15.40,63
2022-07-24,33.3,25.7,7.80,7.80,63
2022-07-25,32.5,25.8,9.90,9.90,63
2022-07-26,31.5,25.3,2.80,2.80,55
2022-07-27,32.1,25.3,4.90,4.90,61
2022-07-28,31.7,25.0,21.80,21.80,63
2022-07-29,30.2,24.7,16.90,16.90,63
2022-07-30,31.3,25.4,4.90,4.90,61
2022-07-31,32.9,25.5,1.00,1.00,51
2022-08-01,31.5,25.2,10.00,10.00,63
2022-08-02,33.4,25.8,0.30,0.30,51
2022-08-03,32.9,26.5,0.60,0.60,51
2022-08-04,31.5,26.4,1.70,1.70,53
2022-08-05,31.0,24.6,5.70,5.70,63
2022-08-06,32.4,25.6,1.90,1.90,53
2022-08-07,30.7,25.2,18.60,18.60,65
2022-08-08,33.3,24.8,0.20,0.20,51
2022-08-09,33.5,27.4,0.40,0.40,51
2022-08-10,34.5,27.6,0.40,0.40,51
2022-08-11,28.7,26.6,3.80,3.80,55
2022-08-12,33.7,25.2,0.20,0.20,51
2022-08-13,33.2,26.3,0.80,0.80,51
2022-08-14,32.7,26.2,5.50,5.50,63
2022-08-15,31.0,25.6,1.60,1.60,61
2022-08-16,30.3,25.4,8.40,8.40,63
2022-08-17,32.0,25.2,0.30,0.30,51
2022-08-18,33.4,25.5,0.80,0.80,51
2022-08-19,34.0,26.6,0.50,0.50,51
2022-08-20,30.6,24.6,6.80,6.80,63
2022-08-21,33.5,25.6,0.30,0.30,51
2022-08-22,32.9,25.8,6.50,6.50,63
2022-08-23,33.1,25.9,1.20,1.20,53
2022-08-24,32.3,25.8,0.70,0.70,51
2022-08-25,33.6,25.1,0.50,0.50,51
2022-08-26,34.8,26.5,0.50,0.50,51
2022-08-27,35.0,27.6,1.20,1.20,51
2022-08-28,35.5,27.5,0.10,0.10,51
2022-08-29,34.8,27.2,0.60,0.60,51
2022-08-30,36.8,26.3,0.00,0.00,3
2022-08-31,36.8,27.7,0.20,0.20,51
2022-09-01,36.8,27.8,0.50,0.50,53
2022-09-02,36.7,27.4,0.00,0.00,3
2022-09-03,37.7,27.5,0.00,0.00,1
2022-09-04,36.9,27.7,0.00,0.00,1
2022-09-05,36.2,27.0,0.00,0.00,2
2022-09-06,37.4,27.1,0.00,0.00,2
2022-09-07,37.3,27.2,0.00,0.00,1
2022-09-08,36.6,26.6,0.00,0.00,1
2022-09-09,35.0,27.7,0.20,0.20,51
2022-09-10,34.3,24.8,3.10,3.10,63
2022-09-11,33.6,24.5,3.70,3.70,63
2022-09-12,35.1,26.9,1.00,1.00,53
2022-09-13,34.3,25.2,1.60,1.60,51
2022-09-14,30.5,25.2,6.10,6.10,61
2022-09-15,30.1,24.2,9.20,9.20,63
2022-09-16,30.9,23.4,13.40,13.40,65
2022-09-17,33.5,23.6,0.80,0.80,53
2022-09-18,33.2,23.3,0.40,0.40,51
2022-09-19,33.5,24.7,0.00,0.00,1
2022-09-20,32.0,23.9,2.40,2.40,53
2022-09-21,31.5,24.5,1.70,1.70,53
2022-09-22,26.8,23.6,33.90,33.90,63
2022-09-23,28.1,23.5,48.20,48.20,65
2022-09-24,27.0,23.4,41.50,41.50,63
2022-09-25,30.8,23.6,0.90,0.90,53
2022-09-26,31.0,22.6,0.10,0.10,51
2022-09-27,31.4,22.6,0.00,0.00,1
2022-09-28,32.1,22.9,0.20,0.20,51
2022-09-29,31.7,22.8,0.00,0.00,0
2022-09-30,31.9,23.0,0.00,0.00,0
2022-10-01,32.6,23.2,0.00,0.00,0
2022-10-02,33.1,22.8,0.00,0.00,1
2022-10-03,33.2,23.1,0.00,0.00,0
2022-10-04,32.7,23.1,0.00,0.00,3
2022-10-05,31.7,22.9,0.10,0.10,51
2022-10-06,30.7,23.1,0.00,0.00,3
2022-10-07,26.2,23.0,1.10,1.10,51
2022-10-08,23.6,21.5,37.20,37.20,63
2022-10-09,25.9,21.0,47.10,47.10,65
2022-10-10,27.7,21.3,1.60,1.60,51
2022-10-11,26.6,20.9,2.70,2.70,53
2022-10-12,28.3,20.0,0.00,0.00,3
2022-10-13,29.0,19.0,0.00,0.00,0
2022-10-14,29.4,19.0,0.00,0.00,0
2022-10-15,29.6,18.7,0.00,0.00,0
2022-10-16,29.9,18.2,0.00,0.00,0
2022-10-17,30.3,18.3,0.00,0.00,0
2022-10-18,30.4,18.3,0.00,0.00,0
2022-10-19,30.1,18.7,0.00,0.00,0
2022-10-20,30.3,18.6,1.10,1.10,55
2022-10-21,29.9,17.2,0.00,0.00,0
2022-10-22,29.0,18.1,0.00,0.00,0
2022-10-23,28.5,16.0,0.00,0.00,0
2022-10-24,29.4,16.6,0.00,0.00,0
2022-10-25,29.2,16.2,0.00,0.00,0
2022-10-26,29.8,16.9,0.00,0.00,0
2022-10-27,30.0,16.9,0.00,0.00,0
2022-10-28,29.9,17.0,0.00,0.00,0
2022-10-29,29.3,17.3,0.00,0.00,0
2022-10-30,29.5,16.7,0.00,0.00,0
2022-10-31,29.2,16.2,0.00,0.00,0
2022-11-01,30.1,17.3,0.00,0.00,0
2022-11-02,29.2,17.7,0.00,0.00,0
2022-11-03,30.4,18.0,0.00,0.00,3
2022-11-04,30.6,20.7,0.00,0.00,3
2022-11-05,29.9,19.5,0.00,0.00,2
2022-11-06,29.3,19.0,0.00,0.00,3
2022-11-07,30.4,18.3,0.60,0.60,53
2022-11-08,28.6,17.7,6.90,6.90,63
2022-11-09,27.0,16.4,0.10,0.10,51
2022-11-10,25.8,17.2,0.00,0.00,1
2022-11-11,26.2,15.5,0.00,0.00,0
2022-11-12,26.2,15.4,0.00,0.00,0
2022-11-13,26.5,14.8,0.00,0.00,3
2022-11-14,27.5,15.1,0.00,0.00,3
2022-11-15,26.5,15.3,0.00,0.00,2
2022-11-16,25.1,15.8,0.00,0.00,0
2022-11-17,24.3,13.4,0.00,0.00,0
2022-11-18,24.2,12.2,0.00,0.00,3
2022-11-19,24.1,11.6,0.00,0.00,3
2022-11-20,25.0,11.6,0.00,0.00,3
2022-11-21,25.4,12.4,0.00,0.00,0
2022-11-22,25.0,12.6,0.00,0.00,0
2022-11-23,24.9,11.7,0.00,0.00,0
2022-11-24,24.9,12.1,0.00,0.00,0
2022-11-25,24.7,11.1,0.00,0.00,1
2022-11-26,24.8,11.6,0.00,0.00,3
2022-11-27,24.6,11.1,0.00,0.00,3
2022-11-28,24.3,10.0,0.00,0.00,0
2022-11-29,24.0,10.3,0.00,0.00,3
2022-11-30,23.8,11.5,0.00,0.00,3
2022-12-01,23.5,11.1,0.00,0.00,2
2022-12-02,23.4,11.0,0.00,0.00,3
2022-12-03,23.7,11.0,0.00,0.00,2
2022-12-04,23.5,11.3,0.00,0.00,0
2022-12-05,22.3,10.4,0.00,0.00,0
2022-12-06,22.6,11.0,0.00,0.00,0
2022-12-07,23.0,11.3,0.00,0.00,0
2022-12-08,22.8,10.9,0.00,0.00,0
2022-12-09,23.5,10.7,0.00,0.00,0
2022-12-10,25.0,10.5,0.00,0.00,0
2022-12-11,25.2,11.5,0.00,0.00,0
2022-12-12,24.6,11.5,0.00,0.00,0
2022-12-13,24.4,11.3,0.00,0.00,0
2022-12-14,22.1,11.2,0.00,0.00,0
2022-12-15,21.6,9.0,0.00,0.00,0
2022-12-16,21.2,8.6,0.00,0.00,0
2022-12-17,21.7,8.3,0.00,0.00,0
2022-12-18,21.5,8.3,0.00,0.00,0
2022-12-19,21.4,8.9,0.00,0.00,3
2022-12-20,20.8,8.6,0.00,0.00,3
2022-12-21,20.5,7.6,0.00,0.00,0
2022-12-22,20.3,8.5,0.00,0.00,1
2022-12-23,18.9,7.7,0.00,0.00,3
2022-12-24,18.9,8.5,0.00,0.00,2
2022-12-25,17.1,6.5,0.00,0.00,3
2022-12-26,18.4,6.3,0.00,0.00,0
2022-12-27,18.8,7.1,0.00,0.00,3
2022-12-28,19.6,7.8,0.00,0.00,2
2022-12-29,20.2,9.4,0.00,0.00,3
2022-12-30,20.7,11.1,0.00,0.00,3
2022-12-31,19.0,9.6,0.00,0.00,1
2023-01-01,18.3,7.9,0.00,0.00,3
2023-01-02,18.2,6.3,0.00,0.00,0
2023-01-03,16.6,6.0,0.00,0.00,3
2023-01-04,16.5,5.4,0.00,0.00,3
2023-01-05,15.4,5.4,0.00,0.00,3
2023-01-06,14.1,4.8,0.00,0.00,3
2023-01-07,15.3,3.8,0.00,0.00,3
2023-01-08,17.1,5.7,0.00,0.00,3
2023-01-09,17.4,5.7,0.00,0.00,3
2023-01-10,18.4,7.5,0.00,0.00,3
2023-01-11,19.7,7.6,0.00,0.00,3
2023-01-12,20.1,9.8,0.10,0.10,51
2023-01-13,18.6,10.6,18.20,18.20,63
2023-01-14,17.0,8.0,0.00,0.00,3
2023-01-15,15.3,5.5,0.00,0.00,2
2023-01-16,15.5,3.7,0.00,0.00,0
2023-01-17,16.4,3.6,0.00,0.00,0
2023-01-18,16.6,3.2,0.00,0.00,2
2023-01-19,18.4,6.4,0.30,0.30,51
2023-01-20,19.7,9.7,0.00,0.00,3
2023-01-21,20.5,7.0,0.00,0.00,0
2023-01-22,21.7,8.1,0.00,0.00,3
2023-01-23,22.8,8.4,0.00,0.00,3
2023-01-24,21.2,13.1,11.30,11.30,65
2023-01-25,21.1,11.9,1.00,1.00,51
2023-01-26,19.0,9.9,0.00,0.00,3
2023-01-27,18.6,7.5,0.00,0.00,0
2023-01-28,20.7,6.5,0.00,0.00,2
2023-01-29,16.4,8.3,4.20,4.20,63
2023-01-30,16.2,10.4,10.20,10.20,63
2023-01-31,20.5,9.7,0.00,0.00,3
2023-02-01,19.9,9.4,0.00,0.00,0
2023-02-02,21.5,9.4,0.00,0.00,0
2023-02-03,22.4,9.6,0.00,0.00,0
2023-02-04,22.7,10.3,0.00,0.00,0
2023-02-05,23.3,11.0,0.00,0.00,0
2023-02-06,25.1,10.4,0.00,0.00,3
2023-02-07,23.4,13.1,0.00,0.00,0
2023-02-08,22.6,10.2,0.00,0.00,3
2023-02-09,25.8,10.0,0.00,0.00,2
2023-02-10,25.5,12.9,0.00,0.00,2
2023-02-11,25.9,13.3,0.00,0.00,0
2023-02-12,21.9,10.6,0.00,0.00,0
2023-02-13,21.0,9.8,0.00,0.00,0
2023-02-14,23.5,11.0,0.00,0.00,1
2023-02-15,25.7,12.8,0.00,0.00,0
2023-02-16,26.2,11.5,0.00,0.00,2
2023-02-17,26.7,13.3,0.00,0.00,3
2023-02-18,26.4,12.5,0.00,0.00,3
2023-02-19,27.9,14.8,0.00,0.00,3
2023-02-20,30.7,15.3,0.00,0.00,3
2023-02-21,29.1,15.1,0.00,0.00,3
2023-02-22,28.4,13.5,0.00,0.00,3
2023-02-23,27.4,14.0,0.00,0.00,0
2023-02-24,27.9,13.0,0.00,0.00,3
2023-02-25,28.4,13.4,0.00,0.00,1
2023-02-26,29.5,14.4,0.00,0.00,1
2023-02-27,29.8,15.6,0.00,0.00,3
2023-02-28,29.3,14.3,0.00,0.00,3
2023-03-01,29.7,15.7,0.00,0.00,3
2023-03-02,30.0,15.2,0.00,0.00,2
2023-03-03,30.6,16.8,0.00,0.00,3
2023-03-04,29.8,17.5,0.00,0.00,3
2023-03-05,29.6,16.3,0.00,0.00,2
2023-03-06,28.7,15.9,0.00,0.00,3
2023-03-07,28.7,15.8,0.00,0.00,3
2023-03-08,28.2,14.8,0.20,0.20,51
2023-03-09,27.5,15.9,0.50,0.50,53
2023-03-10,29.2,15.5,0.00,0.00,0
2023-03-11,30.0,16.2,0.00,0.00,1
2023-03-12,31.9,17.1,0.00,0.00,3
2023-03-13,32.1,17.5,0.00,0.00,3
2023-03-14,31.6,17.2,0.00,0.00,2
2023-03-15,32.3,17.2,0.00,0.00,3
2023-03-16,31.9,19.0,0.10,0.10,51
2023-03-17,28.5,19.5,1.70,1.70,61
2023-03-18,26.8,16.7,0.30,0.30,51
2023-03-19,25.2,15.2,0.70,0.70,51
2023-03-20,23.7,16.1,24.30,24.30,65
2023-03-21,23.1,14.6,3.20,3.20,55
2023-03-22,26.3,14.0,0.00,0.00,3
2023-03-23,28.0,15.5,0.00,0.00,3
2023-03-24,27.5,17.3,15.80,15.80,65
2023-03-25,26.3,17.4,1.10,1.10,53
2023-03-26,27.6,16.5,0.00,0.00,1
2023-03-27,26.8,15.5,0.00,0.00,0
2023-03-28,28.2,15.2,0.00,0.00,3
2023-03-29,30.8,16.7,0.20,0.20,51
2023-03-30,30.8,17.5,5.70,5.70,63
2023-03-31,24.2,17.0,9.40,9.40,63
2023-04-01,25.7,15.1,0.90,0.90,51
2023-04-02,28.3,15.9,0.00,0.00,2
2023-04-03,31.3,16.4,0.00,0.00,2
2023-04-04,28.0,17.2,0.20,0.20,51
2023-04-05,30.2,16.3,0.00,0.00,0
2023-04-06,31.3,16.7,0.00,0.00,2
2023-04-07,31.3,17.4,0.00,0.00,0
2023-04-08,31.8,17.1,0.00,0.00,0
2023-04-09,33.1,18.0,0.00,0.00,0
2023-04-10,33.3,19.7,0.00,0.00,3
2023-04-11,35.9,19.4,0.00,0.00,3
2023-04-12,36.4,23.1,0.00,0.00,3
2023-04-13,37.2,22.2,0.00,0.00,3
2023-04-14,37.3,21.8,0.00,0.00,3
2023-04-15,39.1,22.0,0.00,0.00,0
2023-04-16,39.2,22.7,0.00,0.00,3
2023-04-17,39.1,24.4,0.00,0.00,1
2023-04-18,39.1,25.5,0.00,0.00,3
2023-04-19,37.3,25.1,0.00,0.00,3
2023-04-20,34.7,23.3,0.00,0.00,3
2023-04-21,35.2,22.4,0.00,0.00,3
2023-04-22,35.1,20.8,0.00,0.00,3
2023-04-23,33.9,20.9,0.00,0.00,3
2023-04-24,31.9,20.0,0.00,0.00,3
2023-04-25,33.2,20.6,0.00,0.00,3
2023-04-26,35.6,22.1,0.00,0.00,3
2023-04-27,35.8,23.6,0.00,0.00,3
2023-04-28,33.5,22.4,0.00,0.00,3
2023-04-29,33.3,21.8,0.60,0.60,53
2023-04-30,30.4,21.2,1.40,1.40,53
2023-05-01,27.8,19.8,5.40,5.40,61
2023-05-02,28.0,19.3,5.40,5.40,63
2023-05-03,28.2,19.9,6.80,6.80,63
2023-05-04,29.7,18.7,0.00,0.00,3
2023-05-05,30.8,20.6,5.40,5.40,63
2023-05-06,35.4,20.7,0.00,0.00,2
2023-05-07,36.1,22.0,0.00,0.00,1
2023-05-08,36.6,21.9,0.00,0.00,2
2023-05-09,37.1,21.4,0.00,0.00,0
2023-05-10,36.5,21.9,0.00,0.00,0
2023-05-11,38.9,22.1,0.00,0.00,0
2023-05-12,41.7,23.1,0.00,0.00,3
2023-05-13,41.5,25.1,0.00,0.00,3
2023-05-14,40.5,26.5,0.00,0.00,3
2023-05-15,40.5,25.2,0.00,0.00,1
2023-05-16,38.6,26.8,0.00,0.00,3
2023-05-17,40.9,26.0,0.00,0.00,3
2023-05-18,38.0,23.9,0.00,0.00,3
2023-05-19,37.9,25.9,0.00,0.00,0
2023-05-20,40.0,24.8,0.00,0.00,0
2023-05-21,42.4,25.4,0.00,0.00,3
2023-05-22,42.1,29.8,0.00,0.00,3
2023-05-23,43.6,30.0,1.00,1.00,53
2023-05-24,37.7,26.3,0.20,0.20,51
2023-05-25,33.9,23.4,0.20,0.20,51
2023-05-26,34.5,22.7,0.00,0.00,3
2023-05-27,33.8,21.0,19.20,19.20,63
2023-05-28,33.8,24.0,0.30,0.30,51
2023-05-29,34.1,22.5,1.20,1.20,53
2023-05-30,34.1,22.7,0.10,0.10,51
2023-05-31,30.9,21.6,2.90,2.90,61
2023-06-01,33.6,19.9,0.40,0.40,51
2023-06-02,33.0,22.0,1.30,1.30,53
2023-06-03,34.9,22.7,0.00,0.00,3
2023-06-04,36.2,23.9,1.60,1.60,61
2023-06-05,37.1,25.1,0.10,0.10,51
2023-06-06,38.8,24.1,0.00,0.00,3
2023-06-07,38.4,25.0,0.00,0.00,1
2023-06-08,39.3,25.1,0.00,0.00,1
2023-06-09,40.8,26.0,0.00,0.00,2
2023-06-10,40.4,26.5,0.00,0.00,2
2023-06-11,39.2,28.2,0.00,0.00,1
2023-06-12,41.0,29.0,0.00,0.00,1
2023-06-13,41.9,30.2,0.00,0.00,1
2023-06-14,40.5,30.7,0.00,0.00,2
2023-06-15,37.4,30.3,0.40,0.40,51
2023-06-16,38.7,27.4,1.20,1.20,53
2023-06-17,39.3,26.3,0.30,0.30,51
2023-06-18,38.7,28.4,4.00,4.00,61
2023-06-19,32.3,27.4,6.60,6.60,61
2023-06-20,36.5,26.1,16.60,16.60,65
2023-06-21,35.6,25.7,20.30,20.30,65
2023-06-22,36.1,27.1,2.70,2.70,61
2023-06-23,35.4,26.1,6.10,6.10,63
2023-06-24,34.5,27.7,10.70,10.70,63
2023-06-25,32.3,25.8,13.60,13.60,65
2023-06-26,32.8,25.1,5.80,5.80,63
2023-06-27,33.6,25.2,8.10,8.10,63
2023-06-28,34.0,26.0,12.20,12.20,63
2023-06-29,32.4,25.8,11.70,11.70,63
2023-06-30,33.9,25.3,12.70,12.70,63
2023-07-01,33.7,24.6,1.90,1.90,55
2023-07-02,35.3,25.9,0.90,0.90,53
2023-07-03,36.6,27.1,4.50,4.50,63
2023-07-04,36.7,26.1,2.50,2.50,61
2023-07-05,33.6,24.4,13.00,13.00,65
2023-07-06,33.1,25.3,4.80,4.80,63
2023-07-07,33.3,24.9,10.00,10.00,63
2023-07-08,29.6,26.1,34.40,34.40,65
2023-07-09,30.8,25.1,29.70,29.70,65
2023-07-10,31.0,25.8,34.10,34.10,65
2023-07-11,33.3,25.2,2.90,2.90,61
2023-07-12,33.5,25.7,9.60,9.60,63
2023-07-13,33.2,26.0,5.20,5.20,63
2023-07-14,33.8,25.7,21.10,21.10,65
2023-07-15,33.3,26.0,17.70,17.70,65
2023-07-16,32.9,25.2,21.90,21.90,63
2023-07-17,33.3,26.3,11.80,11.80,63
2023-07-18,31.7,25.4,13.40,13.40,63
2023-07-19,33.0,26.3,9.30,9.30,65
2023-07-20,35.2,26.9,23.70,23.70,65
2023-07-21,35.6,26.5,4.20,4.20,63
2023-07-22,34.3,27.2,6.00,6.00,63
2023-07-23,34.2,28.3,0.60,0.60,51
2023-07-24,34.1,27.4,7.80,7.80,63
2023-07-25,34.1,25.6,11.80,11.80,63
2023-07-26,29.7,25.6,18.30,18.30,63
2023-07-27,31.7,26.3,11.00,11.00,63
2023-07-28,32.9,26.3,27.00,27.00,63
2023-07-29,31.4,24.7,11.20,11.20,63
2023-07-30,33.1,25.0,2.30,2.30,61
2023-07-31,33.6,25.1,0.80,0.80,51
2023-08-01,34.6,26.9,0.20,0.20,51
2023-08-02,35.1,27.3,1.40,1.40,53
2023-08-03,34.1,26.5,9.60,9.60,65
2023-08-04,31.7,26.0,11.50,11.50,63
2023-08-05,33.7,26.3,4.80,4.80,61
2023-08-06,34.8,26.0,1.90,1.90,55
2023-08-07,34.2,27.2,0.10,0.10,51
2023-08-08,34.4,26.9,0.00,0.00,3
2023-08-09,34.5,27.4,0.00,0.00,3
2023-08-10,34.0,27.3,1.70,1.70,55
2023-08-11,34.6,27.2,1.60,1.60,55
2023-08-12,35.3,28.2,0.00,0.00,3
2023-08-13,35.6,27.6,0.70,0.70,51
2023-08-14,33.5,26.8,0.00,0.00,3
2023-08-15,34.7,25.8,0.10,0.10,51
2023-08-16,36.0,25.6,0.10,0.10,51
2023-08-17,36.0,27.8,0.00,0.00,3
2023-08-18,36.1,28.3,0.10,0.10,51
2023-08-19,34.1,26.2,7.40,7.40,63
2023-08-20,35.8,27.8,0.10,0.10,51
2023-08-21,36.3,28.0,0.80,0.80,53
2023-08-22,35.4,27.4,12.60,12.60,63
2023-08-23,29.9,25.6,15.50,15.50,63
2023-08-24,33.3,24.8,0.00,0.00,3
2023-08-25,33.9,25.7,0.00,0.00,3
2023-08-26,34.3,27.3,0.00,0.00,3
2023-08-27,34.8,27.1,0.10,0.10,51
2023-08-28,34.8,26.3,2.20,2.20,61
2023-08-29,35.0,25.8,0.00,0.00,1
2023-08-30,36.4,26.6,0.00,0.00,1
2023-08-31,36.4,25.7,0.00,0.00,1
2023-09-01,37.3,26.7,0.00,0.00,1
2023-09-02,37.2,27.3,0.00,0.00,0
2023-09-03,36.7,26.3,0.00,0.00,0
2023-09-04,37.3,25.6,0.00,0.00,0
2023-09-05,36.2,26.5,6.10,6.10,63
2023-09-06,36.2,24.3,1.70,1.70,53
2023-09-07,38.4,27.0,0.00,0.00,1
2023-09-08,36.6,25.5,1.30,1.30,55
2023-09-09,32.4,25.4,2.50,2.50,53
2023-09-10,30.0,24.2,35.30,35.30,65
2023-09-11,32.1,23.9,1.00,1.00,53
2023-09-12,33.4,24.4,0.00,0.00,3
2023-09-13,33.7,26.4,7.40,7.40,63
2023-09-14,34.1,26.7,5.50,5.50,63
2023-09-15,32.0,25.5,5.70,5.70,61
2023-09-16,31.5,26.4,7.80,7.80,63
2023-09-17,31.7,25.2,6.50,6.50,61
2023-09-18,31.7,24.7,2.10,2.10,61
2023-09-19,33.1,24.6,0.20,0.20,51
2023-09-20,33.1,25.5,0.90,0.90,53
2023-09-21,33.5,26.0,2.60,2.60,55
2023-09-22,33.3,25.3,0.30,0.30,51
2023-09-23,32.8,25.6,1.40,1.40,53
2023-09-24,32.8,25.3,0.90,0.90,53
2023-09-25,32.9,24.6,0.20,0.20,51
2023-09-26,32.9,24.9,0.20,0.20,51
2023-09-27,33.3,23.3,0.00,0.00,0
2023-09-28,33.1,20.6,0.00,0.00,3
2023-09-29,33.2,20.4,0.00,0.00,3
2023-09-30,34.8,22.8,0.00,0.00,2
2023-10-01,34.6,21.3,0.00,0.00,2
2023-10-02,33.8,20.2,0.00,0.00,0
2023-10-03,33.9,20.0,0.00,0.00,0
2023-10-04,33.9,18.9,0.00,0.00,0
2023-10-05,34.3,19.9,0.00,0.00,0
2023-10-06,35.3,19.9,0.00,0.00,0
2023-10-07,35.0,21.6,0.00,0.00,0
2023-10-08,35.3,24.1,0.00,0.00,0
2023-10-09,35.2,24.6,0.00,0.00,0
2023-10-10,33.5,24.4,2.50,2.50,63
2023-10-11,33.7,21.2,0.00,0.00,0
2023-10-12,33.2,18.9,0.00,0.00,0
2023-10-13,34.7,20.3,0.00,0.00,0
2023-10-14,35.0,21.6,0.00,0.00,1
2023-10-15,33.7,22.3,0.10,0.10,51
2023-10-16,29.0,19.8,9.90,9.90,63
2023-10-17,28.7,18.2,3.30,3.30,61
2023-10-18,29.0,17.1,0.00,0.00,0
2023-10-19,28.6,17.0,0.00,0.00,0
2023-10-20,29.1,17.0,0.00,0.00,0
2023-10-21,29.7,16.7,0.00,0.00,0
2023-10-22,30.4,17.1,0.00,0.00,1
2023-10-23,29.7,17.6,0.00,0.00,0
2023-10-24,30.5,17.7,0.00,0.00,1
2023-10-25,30.6,17.1,0.00,0.00,0
2023-10-26,30.5,16.9,0.00,0.00,0
2023-10-27,30.4,16.6,0.00,0.00,3
2023-10-28,30.0,18.6,0.00,0.00,3
2023-10-29,31.4,17.8,0.00,0.00,3
2023-10-30,31.7,17.6,0.00,0.00,3
2023-10-31,31.1,18.5,0.00,0.00,3
2023-11-01,30.5,18.8,0.00,0.00,0
2023-11-02,30.3,19.0,0.00,0.00,1
2023-11-03,28.5,17.8,1.10,1.10,55
2023-11-04,29.6,15.9,0.00,0.00,3
2023-11-05,29.6,16.8,0.00,0.00,0
2023-11-06,29.5,15.2,0.00,0.00,1
2023-11-07,30.1,16.3,0.00,0.00,1
2023-11-08,29.5,16.8,0.00,0.00,1
2023-11-09,29.2,16.9,0.00,0.00,1
2023-11-10,26.4,16.1,2.90,2.90,61
2023-11-11,25.3,14.9,0.00,0.00,0
2023-11-12,25.1,13.9,0.00,0.00,0
2023-11-13,25.6,13.2,0.00,0.00,3
2023-11-14,25.2,14.1,0.00,0.00,3
2023-11-15,25.7,13.1,0.00,0.00,0
2023-11-16,26.2,13.0,0.00,0.00,0
2023-11-17,26.8,14.3,0.00,0.00,1
2023-11-18,26.2,14.6,0.00,0.00,1
2023-11-19,25.7,13.9,0.00,0.00,1
2023-11-20,25.5,13.4,0.00,0.00,0
2023-11-21,25.2,13.5,0.00,0.00,1
2023-11-22,24.8,13.1,0.00,0.00,0
2023-11-23,24.8,11.3,0.00,0.00,0
2023-11-24,25.1,13.4,0.00,0.00,3
2023-11-25,25.3,12.4,0.00,0.00,3
2023-11-26,25.5,14.2,0.00,0.00,3
2023-11-27,24.0,15.7,4.00,4.00,61
2023-11-28,20.6,15.1,3.20,3.20,61
2023-11-29,24.4,13.4,0.40,0.40,51
2023-11-30,21.7,14.1,1.00,1.00,53
2023-12-01,24.2,13.8,0.10,0.10,51
2023-12-02,24.2,13.2,0.00,0.00,0
2023-12-03,24.5,12.2,0.10,0.10,51
2023-12-04,22.9,13.7,0.00,0.00,2
2023-12-05,23.2,11.5,0.00,0.00,0
2023-12-06,23.6,11.7,0.00,0.00,0
2023-12-07,24.1,11.6,0.00,0.00,0
2023-12-08,23.8,11.4,0.00,0.00,0
2023-12-09,23.4,10.7,0.00,0.00,1
2023-12-10,22.5,10.8,0.00,0.00,3
2023-12-11,22.3,9.1,0.00,0.00,0
2023-12-12,22.8,9.3,0.00,0.00,0
2023-12-13,22.8,10.4,0.00,0.00,3
2023-12-14,22.1,9.7,0.00,0.00,3
2023-12-15,22.1,7.5,0.00,0.00,3
2023-12-16,22.3,7.7,0.00,0.00,3
2023-12-17,22.6,9.5,0.00,0.00,0
2023-12-18,21.5,9.1,0.00,0.00,0
2023-12-19,21.5,8.6,0.00,0.00,2
2023-12-20,20.4,7.9,0.00,0.00,3
2023-12-21,21.6,8.1,0.00,0.00,3
2023-12-22,21.5,7.1,0.00,0.00,3
2023-12-23,22.1,11.1,0.30,0.30,51
2023-12-24,22.9,9.7,0.00,0.00,2
2023-12-25,22.9,10.7,0.00,0.00,0
2023-12-26,22.7,9.5,0.00,0.00,3
2023-12-27,21.7,8.5,0.00,0.00,3
2023-12-28,20.9,9.7,0.00,0.00,3
2023-12-29,20.2,8.3,0.00,0.00,3
2023-12-30,19.0,9.0,0.00,0.00,3
2023-12-31,18.7,7.6,0.00,0.00,3
2024-01-01,16.2,5.9,0.00,0.00,3
2024-01-02,15.3,4.6,0.00,0.00,3
2024-01-03,15.9,4.8,0.00,0.00,3
2024-01-04,17.9,5.2,0.00,0.00,3
2024-01-05,17.3,7.3,0.10,0.10,51
2024-01-06,16.9,6.3,0.00,0.00,3
2024-01-07,17.5,6.1,0.00,0.00,3
2024-01-08,18.4,5.5,0.00,0.00,3
2024-01-09,18.0,6.2,0.00,0.00,3
2024-01-10,15.8,4.6,0.00,0.00,0
2024-01-11,15.5,5.6,0.00,0.00,3
2024-01-12,17.4,5.6,0.00,0.00,3
2024-01-13,18.1,5.9,0.00,0.00,3
2024-01-14,18.0,4.8,0.00,0.00,3
2024-01-15,16.1,5.0,0.00,0.00,3
2024-01-16,17.5,3.9,0.00,0.00,3
2024-01-17,17.8,4.0,0.00,0.00,1
2024-01-18,17.5,6.0,0.00,0.00,3
2024-01-19,16.8,6.3,0.00,0.00,3
2024-01-20,16.1,5.1,0.00,0.00,3
2024-01-21,16.1,5.2,0.00,0.00,3
2024-01-22,16.9,5.0,0.00,0.00,3
2024-01-23,17.3,4.9,0.00,0.00,3
2024-01-24,18.2,6.4,0.00,0.00,3
2024-01-25,17.5,5.6,0.00,0.00,3
2024-01-26,18.5,6.0,0.00,0.00,3
2024-01-27,20.6,6.9,0.00,0.00,3
2024-01-28,20.3,7.0,0.00,0.00,3
2024-01-29,21.3,9.5,0.00,0.00,2
2024-01-30,20.5,10.0,0.00,0.00,3
2024-01-31,20.2,9.9,9.00,9.00,63
2024-02-01,21.2,12.2,30.00,30.00,65
2024-02-02,19.3,8.5,0.00,0.00,3
2024-02-03,20.7,8.2,0.00,0.00,3
2024-02-04,20.7,12.9,7.10,7.10,63
2024-02-05,19.8,10.3,2.10,2.10,55
2024-02-06,18.7,7.5,0.00,0.00,2
2024-02-07,18.4,7.9,0.00,0.00,3
2024-02-08,19.1,8.2,0.00,0.00,3
2024-02-09,20.5,8.1,0.00,0.00,0
2024-02-10,19.7,7.2,0.00,0.00,3
2024-02-11,21.5,8.1,0.00,0.00,0
2024-02-12,21.5,7.7,0.00,0.00,3
2024-02-13,21.2,8.5,0.00,0.00,3
2024-02-14,22.7,9.6,0.00,0.00,3
2024-02-15,23.6,9.7,0.00,0.00,0
2024-02-16,24.5,8.6,0.00,0.00,0
2024-02-17,24.6,9.7,0.00,0.00,1
2024-02-18,27.1,10.0,0.00,0.00,3
2024-02-19,26.8,14.7,0.00,0.00,3
2024-02-20,27.3,15.3,0.20,0.20,51
2024-02-21,25.9,12.2,0.00,0.00,2
2024-02-22,24.0,10.9,0.00,0.00,2
2024-02-23,22.8,8.5,0.00,0.00,0
2024-02-24,23.4,9.3,0.00,0.00,3
2024-02-25,25.0,10.5,0.00,0.00,3
2024-02-26,24.6,11.1,0.00,0.00,3
2024-02-27,24.5,14.1,0.90,0.90,53
2024-02-28,24.0,11.4,0.00,0.00,0
2024-02-29,26.3,12.0,0.00,0.00,1
2024-03-01,26.5,13.9,1.70,1.70,53
2024-03-02,24.7,17.3,6.50,6.50,61
2024-03-03,22.7,13.4,10.40,10.40,65
2024-03-04,21.7,11.1,0.00,0.00,3
2024-03-05,20.9,8.9,0.00,0.00,3
2024-03-06,21.1,9.2,0.00,0.00,3
2024-03-07,24.2,10.1,0.00,0.00,1
2024-03-08,25.4,11.3,0.00,0.00,0
2024-03-09,25.2,11.8,0.00,0.00,3
2024-03-10,26.6,12.0,0.00,0.00,3
2024-03-11,29.5,14.8,0.00,0.00,3
2024-03-12,29.1,13.9,0.00,0.00,1
2024-03-13,29.4,13.9,0.20,0.20,51
2024-03-14,29.2,14.1,0.00,0.00,1
2024-03-15,27.2,14.3,0.00,0.00,3
2024-03-16,27.6,12.7,0.00,0.00,3
2024-03-17,28.8,11.8,0.00,0.00,3
2024-03-18,28.5,13.0,0.00,0.00,2
2024-03-19,29.8,13.6,0.00,0.00,1
2024-03-20,32.0,14.2,0.00,0.00,3
2024-03-21,29.2,16.9,0.00,0.00,3
2024-03-22,32.4,17.8,0.00,0.00,1
2024-03-23,33.8,18.1,0.00,0.00,2
2024-03-24,31.0,18.6,0.10,0.10,51
2024-03-25,32.8,16.6,0.00,0.00,2
2024-03-26,33.6,18.5,0.00,0.00,3
2024-03-27,36.4,21.6,0.00,0.00,3
2024-03-28,37.0,21.9,0.00,0.00,3
2024-03-29,36.5,20.9,0.00,0.00,3
2024-03-30,35.2,22.8,0.00,0.00,3
2024-03-31,34.4,20.0,0.00,0.00,0
2024-04-01,31.3,18.7,0.00,0.00,3
2024-04-02,32.9,17.1,0.00,0.00,3
2024-04-03,35.9,21.8,0.00,0.00,3
2024-04-04,36.4,20.5,0.00,0.00,3
2024-04-05,35.6,21.2,0.00,0.00,3
2024-04-06,35.0,19.6,0.00,0.00,0
2024-04-07,35.4,17.5,0.00,0.00,0
2024-04-08,36.8,19.0,0.00,0.00,1
2024-04-09,37.8,19.9,0.00,0.00,3
2024-04-10,38.6,19.8,0.00,0.00,3
2024-04-11,38.0,22.2,0.00,0.00,2
2024-04-12,38.8,21.8,0.00,0.00,3
2024-04-13,38.5,25.3,1.20,1.20,53
2024-04-14,33.8,22.8,0.50,0.50,51
2024-04-15,36.3,22.3,1.30,1.30,55
2024-04-16,35.7,23.5,0.00,0.00,3
2024-04-17,35.3,22.2,0.00,0.00,3
2024-04-18,37.8,23.7,0.00,0.00,3
2024-04-19,38.3,24.6,0.00,0.00,3
2024-04-20,36.7,22.3,0.00,0.00,3
2024-04-21,36.6,23.6,0.00,0.00,3
2024-04-22,37.0,24.5,0.00,0.00,3
2024-04-23,38.0,22.6,0.00,0.00,1
2024-04-24,36.9,21.0,0.00,0.00,0
2024-04-25,38.3,21.5,0.00,0.00,2
2024-04-26,39.2,23.4,0.00,0.00,3
2024-04-27,37.9,26.0,0.00,0.00,3
2024-04-28,37.5,22.7,0.00,0.00,3
2024-04-29,38.1,23.6,0.00,0.00,2
2024-04-30,36.2,23.3,0.00,0.00,0
2024-05-01,32.7,20.5,0.00,0.00,0
2024-05-02,35.0,19.3,0.00,0.00,3
2024-05-03,38.1,20.7,0.00,0.00,3
2024-05-04,40.6,26.5,0.00,0.00,3
2024-05-05,40.9,25.0,0.00,0.00,2
2024-05-06,40.6,26.0,0.00,0.00,2
2024-05-07,41.4,26.2,0.00,0.00,1
2024-05-08,39.7,27.0,0.00,0.00,3
2024-05-09,39.6,26.2,0.00,0.00,2
2024-05-10,39.5,26.0,1.10,1.10,51
2024-05-11,38.8,26.0,0.10,0.10,51
2024-05-12,37.8,27.5,0.10,0.10,51
2024-05-13,40.3,27.2,0.00,0.00,3
2024-05-14,40.7,24.6,0.00,0.00,3
2024-05-15,42.3,25.4,0.00,0.00,0
2024-05-16,42.7,26.5,0.00,0.00,0
2024-05-17,44.0,28.1,0.00,0.00,2
2024-05-18,44.0,27.1,0.00,0.00,1
2024-05-19,44.9,27.7,0.00,0.00,1
2024-05-20,43.6,29.1,0.00,0.00,3
2024-05-21,42.6,29.1,0.00,0.00,0
2024-05-22,41.1,29.8,0.30,0.30,51
2024-05-23,41.1,30.5,0.00,0.00,1
2024-05-24,40.9,30.4,0.00,0.00,0
2024-05-25,44.4,30.6,0.00,0.00,1
2024-05-26,46.0,29.5,0.00,0.00,0
2024-05-27,45.7,30.2,0.00,0.00,1
2024-05-28,45.8,28.9,0.00,0.00,0
2024-05-29,45.7,31.1,0.00,0.00,3
2024-05-30,45.8,33.0,0.00,0.00,3
2024-05-31,45.9,28.5,0.00,0.00,2
2024-06-01,44.0,31.3,0.00,0.00,3
2024-06-02,41.4,30.5,0.00,0.00,3
2024-06-03,44.4,29.6,0.00,0.00,2
2024-06-04,43.1,30.9,0.00,0.00,1
2024-06-05,41.7,30.2,0.00,0.00,2
2024-06-06,40.8,28.2,0.00,0.00,1
2024-06-07,42.2,28.9,0.00,0.00,3
2024-06-08,40.2,28.3,0.00,0.00,3
2024-06-09,42.2,28.3,0.00,0.00,0
2024-06-10,43.0,27.9,0.00,0.00,2
2024-06-11,43.2,28.9,0.00,0.00,1
2024-06-12,44.1,28.8,0.00,0.00,0
2024-06-13,44.9,29.6,0.00,0.00,1
2024-06-14,43.4,32.8,0.00,0.00,3
2024-06-15,43.3,32.2,0.00,0.00,0
2024-06-16,44.1,32.8,0.00,0.00,0
2024-06-17,44.0,33.7,0.00,0.00,1
2024-06-18,44.2,34.5,0.00,0.00,1
2024-06-19,41.3,33.7,0.80,0.80,53
2024-06-20,39.3,25.5,4.90,4.90,63
2024-06-21,38.3,25.4,2.10,2.10,61
2024-06-22,38.5,29.9,0.00,0.00,3
2024-06-23,39.5,30.2,0.30,0.30,51
2024-06-24,39.5,31.0,1.70,1.70,61
2024-06-25,36.6,29.8,4.00,4.00,63
2024-06-26,34.3,26.8,23.30,23.30,65
2024-06-27,30.4,25.4,11.50,11.50,63
2024-06-28,30.6,25.6,20.90,20.90,63
2024-06-29,32.9,26.5,18.90,18.90,63
2024-06-30,34.8,26.8,11.90,11.90,65
2024-07-01,34.1,25.9,11.50,11.50,63
2024-07-02,33.6,26.4,14.10,14.10,63
2024-07-03,32.9,26.0,2.50,2.50,53
2024-07-04,31.6,25.5,7.30,7.30,61
2024-07-05,30.4,26.2,0.70,0.70,51
2024-07-06,33.0,26.0,1.00,1.00,51
2024-07-07,33.5,25.6,0.10,0.10,51
2024-07-08,33.2,25.3,0.00,0.00,3
2024-07-09,32.4,26.2,4.90,4.90,61
2024-07-10,34.1,26.5,11.30,11.30,63
2024-07-11,36.4,26.8,3.90,3.90,61
2024-07-12,35.3,27.0,0.50,0.50,51
2024-07-13,34.3,25.2,12.40,12.40,65
2024-07-14,34.9,27.0,0.30,0.30,51
2024-07-15,33.2,25.5,3.00,3.00,55
2024-07-16,34.3,25.6,17.00,17.00,63
2024-07-17,34.7,28.2,0.20,0.20,51
2024-07-18,34.7,27.7,2.00,2.00,53
2024-07-19,34.4,27.3,0.90,0.90,51
2024-07-20,35.1,27.1,0.20,0.20,51
2024-07-21,34.8,27.2,1.90,1.90,55
2024-07-22,34.6,27.8,5.00,5.00,63
2024-07-23,34.8,27.0,4.30,4.30,63
2024-07-24,33.7,26.4,6.90,6.90,63
2024-07-25,34.7,27.2,0.60,0.60,51
2024-07-26,33.0,27.4,10.20,10.20,63
2024-07-27,34.0,28.0,4.50,4.50,63
2024-07-28,35.1,28.6,6.00,6.00,63
2024-07-29,35.7,28.3,0.30,0.30,51
2024-07-30,36.4,29.0,0.10,0.10,51
2024-07-31,37.1,26.5,116.00,116.00,65
2024-08-01,31.2,25.5,34.70,34.70,65
2024-08-02,32.2,25.5,3.00,3.00,55
2024-08-03,32.4,26.0,1.90,1.90,53
2024-08-04,33.5,26.9,0.10,0.10,51
2024-08-05,32.6,26.4,1.20,1.20,51
2024-08-06,31.8,26.4,0.10,0.10,51
2024-08-07,30.1,25.5,16.40,16.40,63
2024-08-08,31.5,25.5,10.80,10.80,61
2024-08-09,31.8,25.3,30.80,30.80,65
2024-08-10,31.3,24.9,16.70,16.70,63
2024-08-11,30.9,25.6,11.40,11.40,63
2024-08-12,30.0,25.6,10.90,10.90,63
2024-08-13,30.8,25.2,9.10,9.10,63
2024-08-14,30.7,25.9,7.80,7.80,63
2024-08-15,32.2,25.9,10.90,10.90,63
2024-08-16,32.3,25.5,15.00,15.00,63
2024-08-17,31.9,25.7,7.70,7.70,63
2024-08-18,32.7,26.2,2.30,2.30,55
2024-08-19,32.7,26.2,1.60,1.60,53
2024-08-20,31.6,26.4,4.30,4.30,61
2024-08-21,32.0,25.1,5.40,5.40,61
2024-08-22,32.8,24.7,7.00,7.00,63
2024-08-23,30.7,24.9,0.90,0.90,53
2024-08-24,31.5,25.3,8.80,8.80,63
2024-08-25,32.2,24.9,15.20,15.20,63
2024-08-26,31.6,26.0,3.80,3.80,61
2024-08-27,31.2,24.3,11.10,11.10,63
2024-08-28,30.3,24.2,7.90,7.90,63
2024-08-29,30.9,24.4,19.50,19.50,63
2024-08-30,31.3,25.0,7.50,7.50,63
2024-08-31,33.3,25.6,0.00,0.00,3
2024-09-01,33.5,25.9,0.10,0.10,51
2024-09-02,31.5,25.1,11.70,11.70,63
2024-09-03,31.6,25.4,17.80,17.80,65
2024-09-04,30.8,24.4,0.90,0.90,51
2024-09-05,31.6,24.8,2.90,2.90,55
2024-09-06,30.6,24.2,14.70,14.70,63
2024-09-07,30.4,24.1,23.60,23.60,63
2024-09-08,31.3,24.4,14.10,14.10,63
2024-09-09,32.7,25.2,3.40,3.40,63
2024-09-10,30.7,24.9,11.80,11.80,63
2024-09-11,31.7,25.0,26.70,26.70,65
2024-09-12,27.2,23.9,100.80,100.80,65
2024-09-13,30.0,23.3,54.70,54.70,65
2024-09-14,29.9,22.6,4.70,4.70,63
2024-09-15,31.2,22.5,0.10,0.10,51
2024-09-16,32.1,23.7,0.00,0.00,0
2024-09-17,31.5,23.9,0.00,0.00,3
2024-09-18,27.7,22.8,62.70,62.70,65
2024-09-19,29.8,22.8,3.70,3.70,63
2024-09-20,31.1,24.0,0.00,0.00,3
2024-09-21,31.6,24.8,0.20,0.20,51
2024-09-22,33.1,25.3,0.00,0.00,3
2024-09-23,33.3,25.1,0.00,0.00,0
2024-09-24,33.6,25.2,0.00,0.00,1
2024-09-25,33.0,26.4,0.40,0.40,51
2024-09-26,31.4,25.3,0.40,0.40,51
2024-09-27,30.9,24.8,0.80,0.80,51
2024-09-28,30.5,23.1,0.00,0.00,3
2024-09-29,30.7,22.6,0.30,0.30,51
2024-09-30,32.7,23.5,0.00,0.00,3
2024-10-01,33.2,24.0,0.00,0.00,0
2024-10-02,34.6,24.7,0.00,0.00,0
2024-10-03,33.9,24.5,0.00,0.00,0
2024-10-04,33.5,23.8,0.00,0.00,0
2024-10-05,33.6,24.2,0.00,0.00,1
2024-10-06,33.6,23.7,0.00,0.00,1
2024-10-07,32.4,21.9,0.00,0.00,0
2024-10-08,32.5,22.2,0.00,0.00,0
2024-10-09,32.2,20.6,0.00,0.00,0
2024-10-10,32.3,21.0,0.00,0.00,3
2024-10-11,31.7,19.1,0.00,0.00,2
2024-10-12,32.0,19.1,0.00,0.00,0
2024-10-13,32.1,19.7,0.00,0.00,3
2024-10-14,31.8,20.5,0.00,0.00,2
2024-10-15,31.9,19.4,0.00,0.00,0
2024-10-16,32.4,19.6,0.00,0.00,3
2024-10-17,32.8,20.6,0.00,0.00,3
2024-10-18,33.4,20.1,0.00,0.00,0
2024-10-19,33.7,21.0,0.00,0.00,0
2024-10-20,33.0,20.2,0.00,0.00,1
2024-10-21,32.3,20.0,0.00,0.00,0
2024-10-22,31.5,20.1,0.00,0.00,0
2024-10-23,32.1,20.1,0.00,0.00,0
2024-10-24,32.6,20.2,0.00,0.00,0
2024-10-25,32.1,19.1,0.00,0.00,0
2024-10-26,31.6,19.0,0.00,0.00,0
2024-10-27,31.1,20.4,0.00,0.00,0
2024-10-28,31.4,21.0,0.00,0.00,0
2024-10-29,32.9,20.6,0.00,0.00,0
2024-10-30,34.3,21.3,0.00,0.00,0
2024-10-31,32.8,20.8,0.00,0.00,0
2024-11-01,32.0,19.3,0.00,0.00,0
2024-11-02,31.7,17.7,0.00,0.00,0
2024-11-03,31.3,18.2,0.00,0.00,0
2024-11-04,30.4,17.5,0.00,0.00,0
2024-11-05,29.4,18.1,0.00,0.00,0
2024-11-06,30.2,18.1,0.00,0.00,0
2024-11-07,30.1,19.0,0.00,0.00,0
2024-11-08,30.3,19.0,0.00,0.00,0
2024-11-09,30.6,19.7,0.00,0.00,0
2024-11-10,30.2,19.3,0.00,0.00,0
2024-11-11,29.8,18.5,0.00,0.00,0
2024-11-12,31.2,19.0,0.00,0.00,0
2024-11-13,30.0,18.8,0.00,0.00,0
2024-11-14,30.0,19.0,0.00,0.00,0
2024-11-15,29.0,18.7,0.00,0.00,0
2024-11-16,28.8,17.6,0.00,0.00,0
2024-11-17,28.5,18.0,0.00,0.00,0
2024-11-18,26.4,15.9,0.00,0.00,0
2024-11-19,25.9,14.2,0.00,0.00,0
2024-11-20,25.9,13.6,0.00,0.00,0
2024-11-21,25.8,13.6,0.00,0.00,0
2024-11-22,26.3,14.0,0.00,0.00,0
2024-11-23,27.5,14.1,0.00,0.00,0
2024-11-24,27.7,15.7,0.00,0.00,0
2024-11-25,25.9,15.1,0.00,0.00,0
2024-11-26,25.6,13.9,0.00,0.00,0
2024-11-27,26.0,13.6,0.00,0.00,0
2024-11-28,25.5,12.8,0.00,0.00,0
2024-11-29,24.6,12.5,0.00,0.00,0
2024-11-30,24.9,12.4,0.00,0.00,0
2024-12-01,24.8,14.0,0.00,0.00,0
2024-12-02,25.8,13.3,0.00,0.00,0
2024-12-03,26.5,13.5,0.00,0.00,0
2024-12-04,25.6,15.2,0.00,0.00,0
2024-12-05,23.6,12.0,0.00,0.00,0
2024-12-06,23.5,11.3,0.00,0.00,0
2024-12-07,23.1,9.7,0.00,0.00,0
2024-12-08,22.3,11.0,1.50,1.50,55
2024-12-09,20.2,10.4,0.00,0.00,0
2024-12-10,20.1,9.8,0.00,0.00,0
2024-12-11,20.2,8.2,0.00,0.00,0
2024-12-12,20.5,7.7,0.00,0.00,0
2024-12-13,20.6,9.2,0.00,0.00,0
2024-12-14,20.7,8.6,0.00,0.00,0
2024-12-15,21.1,7.3,0.00,0.00,0
2024-12-16,21.0,7.0,0.00,0.00,0
2024-12-17,20.6,7.7,0.00,0.00,3
2024-12-18,20.9,7.6,0.00,0.00,3
2024-12-19,20.8,8.0,0.00,0.00,0
2024-12-20,23.2,10.2,0.00,0.00,0
2024-12-21,22.1,9.2,0.00,0.00,1
2024-12-22,22.5,10.5,0.00,0.00,3
2024-12-23,17.6,11.6,1.40,1.40,55
2024-12-24,18.7,11.4,0.50,0.50,51
2024-12-25,20.6,10.8,0.00,0.00,1
2024-12-26,22.6,9.9,0.00,0.00,3
2024-12-27,17.1,13.8,29.90,29.90,63
2024-12-28,18.1,12.3,4.60,4.60,63
2024-12-29,18.3,10.6,0.00,0.00,3
2024-12-30,18.1,9.6,0.00,0.00,3
2024-12-31,16.1,7.5,0.00,0.00,3
2025-01-01,16.8,7.7,0.00,0.00,3
2025-01-02,18.2,8.5,0.00,0.00,3
2025-01-03,19.6,8.6,0.00,0.00,3
2025-01-04,21.1,8.4,0.00,0.00,3
2025-01-05,18.1,9.2,0.00,0.00,3
2025-01-06,18.0,8.8,4.90,4.90,63
2025-01-07,17.5,10.2,0.00,0.00,3
2025-01-08,18.4,8.7,0.00,0.00,0
2025-01-09,18.7,8.0,0.00,0.00,0
2025-01-10,17.9,7.9,0.00,0.00,3
2025-01-11,16.8,8.0,3.90,3.90,61
2025-01-12,18.0,9.8,0.10,0.10,51
2025-01-13,19.0,9.2,0.00,0.00,3
2025-01-14,18.2,8.7,0.00,0.00,0
2025-01-15,18.4,9.1,2.90,2.90,61
2025-01-16,18.0,11.1,0.70,0.70,51
2025-01-17,18.9,9.2,0.00,0.00,0
2025-01-18,17.8,7.8,0.00,0.00,3
2025-01-19,21.3,8.9,0.00,0.00,3
2025-01-20,21.9,11.7,0.00,0.00,1
2025-01-21,21.9,11.1,0.00,0.00,0
2025-01-22,22.8,10.4,0.00,0.00,1
2025-01-23,21.9,11.7,1.60,1.60,61
2025-01-24,20.9,10.4,0.00,0.00,0
2025-01-25,20.8,9.0,0.00,0.00,0
2025-01-26,21.0,8.2,0.00,0.00,0
2025-01-27,21.5,7.8,0.00,0.00,0
2025-01-28,22.9,8.0,0.00,0.00,0
2025-01-29,24.0,10.2,0.00,0.00,0
2025-01-30,24.8,11.3,0.00,0.00,0
2025-01-31,26.3,12.1,0.00,0.00,3
2025-02-01,25.5,12.7,0.00,0.00,3
2025-02-02,23.6,13.7,0.00,0.00,2
2025-02-03,22.8,10.8,1.70,1.70,61
2025-02-04,22.9,13.0,0.70,0.70,53
2025-02-05,21.4,11.9,0.30,0.30,51
2025-02-06,21.1,11.4,0.00,0.00,2
2025-02-07,20.8,10.6,0.00,0.00,2
2025-02-08,23.3,11.1,0.00,0.00,3
2025-02-09,25.2,10.8,0.00,0.00,1
2025-02-10,27.2,11.7,0.00,0.00,3
2025-02-11,27.9,12.3,0.00,0.00,2
2025-02-12,25.3,13.6,0.00,0.00,0
2025-02-13,23.6,13.7,0.00,0.00,0
2025-02-14,24.6,12.3,0.00,0.00,3
2025-02-15,25.6,13.0,0.00,0.00,3
2025-02-16,26.6,13.5,0.00,0.00,3
2025-02-17,28.8,16.2,0.00,0.00,3
2025-02-18,26.4,16.8,0.00,0.00,3
2025-02-19,27.0,14.2,1.00,1.00,53
2025-02-20,23.7,15.1,7.10,7.10,61
2025-02-21,25.1,13.7,0.40,0.40,51
2025-02-22,23.9,13.5,0.00,0.00,3
2025-02-23,25.1,13.3,0.00,0.00,0
2025-02-24,26.9,13.3,0.00,0.00,3
2025-02-25,28.1,14.4,0.00,0.00,3
2025-02-26,30.1,17.9,0.00,0.00,3
2025-02-27,23.4,19.1,1.00,1.00,53
2025-02-28,23.4,18.2,3.30,3.30,61
2025-03-01,24.1,15.5,7.70,7.70,63
2025-03-02,24.6,15.4,0.00,0.00,0
2025-03-03,26.9,12.8,0.00,0.00,2
2025-03-04,24.4,15.6,0.00,0.00,2
2025-03-05,22.8,12.6,0.00,0.00,0
2025-03-06,26.6,12.8,0.00,0.00,0
2025-03-07,28.4,12.5,0.00,0.00,0
2025-03-08,30.1,14.6,0.00,0.00,0
2025-03-09,31.8,16.8,0.00,0.00,0
2025-03-10,31.7,19.0,0.00,0.00,3
2025-03-11,34.4,19.5,0.00,0.00,3
2025-03-12,32.9,19.8,0.00,0.00,3
2025-03-13,32.0,21.0,5.90,5.90,63
2025-03-14,33.2,19.0,0.00,0.00,3
2025-03-15,30.3,19.0,0.50,0.50,51
2025-03-16,29.9,18.0,0.10,0.10,51
2025-03-17,28.3,17.6,0.00,0.00,3
2025-03-18,29.9,17.1,0.00,0.00,1
2025-03-19,32.3,17.7,0.00,0.00,3
2025-03-20,33.0,19.1,0.00,0.00,0
2025-03-21,32.0,19.4,0.00,0.00,0
2025-03-22,31.3,18.0,0.00,0.00,1
2025-03-23,32.7,18.5,0.00,0.00,0
2025-03-24,33.9,20.0,0.00,0.00,0
2025-03-25,36.4,20.9,0.00,0.00,0
2025-03-26,37.9,21.8,0.00,0.00,0
2025-03-27,36.2,24.1,0.00,0.00,2
2025-03-28,31.0,21.8,0.00,0.00,0
2025-03-29,28.9,16.2,0.00,0.00,3
2025-03-30,31.5,17.5,0.00,0.00,3
2025-03-31,33.9,17.6,0.00,0.00,0
2025-04-01,33.3,19.0,0.00,0.00,0
2025-04-02,35.7,18.6,0.00,0.00,0
2025-04-03,37.4,20.4,0.00,0.00,3
2025-04-04,37.0,21.7,0.00,0.00,0
2025-04-05,35.2,22.0,0.00,0.00,1
2025-04-06,38.1,22.0,0.00,0.00,3
2025-04-07,39.9,24.4,0.00,0.00,2
2025-04-08,39.9,25.2,0.00,0.00,3
2025-04-09,40.7,26.1,0.00,0.00,3
2025-04-10,38.9,26.6,1.40,1.40,61
2025-04-11,34.2,22.5,8.10,8.10,63
2025-04-12,34.8,20.5,1.10,1.10,53
2025-04-13,35.3,21.1,0.00,0.00,2
2025-04-14,35.6,22.3,0.00,0.00,0
2025-04-15,36.6,24.7,0.00,0.00,2
2025-04-16,38.2,25.6,0.00,0.00,1
2025-04-17,40.5,26.2,0.00,0.00,3
2025-04-18,40.8,25.7,0.00,0.00,3
2025-04-19,39.9,27.4,0.00,0.00,1
2025-04-20,40.0,27.0,0.00,0.00,1
2025-04-21,40.4,26.3,0.00,0.00,3
2025-04-22,39.5,24.6,0.00,0.00,0
2025-04-23,39.2,23.8,0.00,0.00,0
2025-04-24,40.4,24.4,0.00,0.00,0
2025-04-25,41.6,25.3,0.00,0.00,0
2025-04-26,41.5,26.0,0.00,0.00,3
2025-04-27,40.8,28.3,0.00,0.00,3
2025-04-28,41.1,26.5,0.00,0.00,3
2025-04-29,37.5,25.0,0.00,0.00,0
2025-04-30,36.8,26.3,0.00,0.00,3
2025-05-01,37.6,25.9,0.00,0.00,3
2025-05-02,28.6,21.7,12.40,12.40,63
2025-05-03,35.4,24.0,3.40,3.40,63
2025-05-04,34.8,24.4,2.00,2.00,61
2025-05-05,35.6,24.2,0.10,0.10,51
2025-05-06,34.4,22.2,0.40,0.40,51
2025-05-07,33.3,23.7,0.50,0.50,51
2025-05-08,32.4,23.9,2.70,2.70,63
2025-05-09,37.1,25.1,1.10,1.10,55
2025-05-10,37.1,26.6,1.50,1.50,61
2025-05-11,38.2,25.1,0.00,0.00,1
2025-05-12,39.6,25.5,0.00,0.00,1
2025-05-13,41.3,28.1,0.00,0.00,3
2025-05-14,41.2,28.5,0.00,0.00,0
2025-05-15,41.9,29.7,0.00,0.00,0
2025-05-16,42.7,28.8,0.00,0.00,1
2025-05-17,42.8,29.2,0.00,0.00,1
2025-05-18,42.1,29.5,0.00,0.00,1
2025-05-19,42.0,28.2,0.00,0.00,1
2025-05-20,42.6,28.0,0.00,0.00,3
2025-05-21,43.0,29.8,0.00,0.00,3
2025-05-22,37.0,25.0,0.00,0.00,1
2025-05-23,38.2,26.4,1.50,1.50,61
2025-05-24,37.7,28.5,0.40,0.40,51
2025-05-25,31.2,23.0,0.40,0.40,51
2025-05-26,35.7,24.1,1.80,1.80,53
2025-05-27,36.1,26.2,0.00,0.00,0
2025-05-28,39.5,27.4,0.00,0.00,2
2025-05-29,40.1,27.6,0.30,0.30,51
2025-05-30,36.1,27.1,0.00,0.00,3
2025-05-31,39.7,26.1,1.00,1.00,55
2025-06-01,37.3,26.4,4.20,4.20,63
2025-06-02,37.1,24.1,0.30,0.30,51
2025-06-03,34.6,25.8,0.00,0.00,3
2025-06-04,36.4,24.5,0.30,0.30,51
2025-06-05,37.2,24.4,0.00,0.00,2
2025-06-06,37.8,25.9,0.00,0.00,1
2025-06-07,41.2,28.0,0.00,0.00,1
2025-06-08,42.8,29.6,0.00,0.00,0
2025-06-09,43.7,30.0,0.00,0.00,0
2025-06-10,43.1,30.1,0.00,0.00,0
2025-06-11,43.6,30.1,0.00,0.00,0
2025-06-12,43.1,31.1,0.50,0.50,51
2025-06-13,41.1,31.3,0.00,0.00,2
2025-06-14,42.9,30.6,0.30,0.30,51
2025-06-15,37.9,29.6,1.30,1.30,53
2025-06-16,32.0,24.8,25.60,25.60,65
2025-06-17,33.7,25.2,16.90,16.90,63
2025-06-18,33.2,24.0,5.30,5.30,55
2025-06-19,32.7,27.0,0.10,0.10,51
2025-06-20,31.7,25.5,1.20,1.20,53
2025-06-21,34.7,26.2,1.60,1.60,61
2025-06-22,34.0,28.0,0.80,0.80,53
2025-06-23,35.7,27.8,0.10,0.10,51
2025-06-24,36.1,27.3,1.10,1.10,51
2025-06-25,32.1,26.5,12.90,12.90,65
2025-06-26,34.5,26.0,11.50,11.50,63
2025-06-27,33.7,27.7,0.50,0.50,51
2025-06-28,35.8,25.6,8.30,8.30,63
2025-06-29,33.4,26.1,16.20,16.20,63
2025-06-30,31.7,25.4,17.30,17.30,63
2025-07-01,33.2,25.0,9.10,9.10,63
2025-07-02,33.2,26.9,1.10,1.10,51
2025-07-03,33.5,26.6,0.90,0.90,51
2025-07-04,34.2,26.7,0.30,0.30,51
2025-07-05,35.2,26.5,3.40,3.40,61
2025-07-06,35.7,26.7,7.40,7.40,63
2025-07-07,33.2,25.9,13.50,13.50,63
2025-07-08,34.0,27.1,0.00,0.00,3
2025-07-09,31.7,27.0,14.90,14.90,65
2025-07-10,29.6,25.6,3.60,3.60,53
2025-07-11,31.6,25.6,0.40,0.40,51
2025-07-12,33.5,26.5,2.70,2.70,63
2025-07-13,32.5,26.3,18.60,18.60,63
2025-07-14,30.5,25.8,17.60,17.60,63
2025-07-15,32.2,25.6,7.30,7.30,63
2025-07-16,32.3,25.3,8.20,8.20,63
2025-07-17,31.1,26.8,1.40,1.40,53
2025-07-18,31.6,26.4,4.10,4.10,63
2025-07-19,32.2,25.8,0.00,0.00,3
2025-07-20,34.3,26.1,0.00,0.00,3
2025-07-21,31.5,26.6,0.40,0.40,51
2025-07-22,34.8,26.0,0.20,0.20,51
2025-07-23,33.2,27.0,1.20,1.20,53
2025-07-24,35.5,25.4,1.50,1.50,53
2025-07-25,36.3,26.6,0.50,0.50,53
2025-07-26,35.4,26.9,2.30,2.30,61
2025-07-27,36.3,28.8,0.90,0.90,51
2025-07-28,36.6,28.1,1.60,1.60,53
2025-07-29,32.9,27.2,3.80,3.80,53
2025-07-30,31.6,26.2,15.30,15.30,63
2025-07-31,31.5,25.3,29.20,29.20,65
2025-08-01,32.0,25.5,7.50,7.50,63
2025-08-02,32.4,26.0,0.90,0.90,53
2025-08-03,33.1,26.8,0.70,0.70,53
2025-08-04,31.0,26.2,0.10,0.10,51
2025-08-05,30.1,26.9,8.30,8.30,63
2025-08-06,32.1,26.3,0.50,0.50,51
2025-08-07,33.9,26.0,0.00,0.00,3
2025-08-08,33.1,26.4,0.00,0.00,3
2025-08-09,30.5,26.1,8.90,8.90,63
2025-08-10,32.1,25.9,1.70,1.70,51
2025-08-11,33.9,26.6,1.60,1.60,61
2025-08-12,33.3,26.3,3.90,3.90,55
2025-08-13,33.4,26.9,0.00,0.00,3
2025-08-14,29.6,26.3,8.20,8.20,63
2025-08-15,31.7,25.3,4.60,4.60,61
2025-08-16,31.2,26.4,4.10,4.10,63
2025-08-17,32.0,27.3,3.60,3.60,63
2025-08-18,31.8,27.2,9.00,9.00,63
2025-08-19,31.9,26.6,5.40,5.40,63
2025-08-20,32.7,26.8,5.60,5.60,61
2025-08-21,33.6,25.6,13.80,13.80,65
2025-08-22,34.2,25.3,3.30,3.30,61
2025-08-23,32.6,25.6,13.20,13.20,63
2025-08-24,31.1,25.7,11.80,11.80,63
2025-08-25,29.0,24.4,19.70,19.70,63
2025-08-26,29.9,25.1,6.70,6.70,61
2025-08-27,32.6,25.2,1.40,1.40,53
2025-08-28,32.4,25.3,15.50,15.50,63
2025-08-29,31.3,25.0,12.60,12.60,63
2025-08-30,31.8,26.0,3.80,3.80,61
2025-08-31,30.0,24.5,13.10,13.10,63
2025-09-01,29.2,24.0,31.50,31.50,63
2025-09-02,27.0,23.8,21.70,21.70,63
2025-09-03,29.4,24.1,14.70,14.70,65
2025-09-04,31.4,24.2,17.70,17.70,65
2025-09-05,31.0,25.2,4.80,4.80,61
2025-09-06,31.2,24.5,13.30,13.30,63
2025-09-07,31.9,24.8,2.30,2.30,55
2025-09-08,32.0,25.2,0.70,0.70,51
2025-09-09,32.4,25.8,0.40,0.40,51
2025-09-10,33.2,25.6,0.00,0.00,3
2025-09-11,32.8,24.7,0.00,0.00,3
2025-09-12,33.5,24.6,0.20,0.20,51
2025-09-13,35.3,26.3,0.90,0.90,51
2025-09-14,36.5,27.0,0.20,0.20,51
2025-09-15,36.4,27.3,0.00,0.00,3
2025-09-16,36.8,27.3,0.10,0.10,51
2025-09-17,36.4,26.7,0.20,0.20,51
2025-09-18,34.9,25.1,1.60,1.60,53
2025-09-19,35.5,26.8,0.70,0.70,51
2025-09-20,36.2,26.8,0.00,0.00,1
2025-09-21,36.4,25.4,0.00,0.00,1
2025-09-22,36.9,26.1,0.00,0.00,0
2025-09-23,36.7,26.1,0.00,0.00,1
2025-09-24,36.1,25.8,0.00,0.00,0
2025-09-25,36.2,25.9,0.00,0.00,0
2025-09-26,37.0,25.8,0.00,0.00,0
2025-09-27,38.7,27.2,0.10,0.10,51
2025-09-28,36.5,28.3,0.00,0.00,1
2025-09-29,36.3,27.8,0.20,0.20,51
2025-09-30,34.8,24.4,8.00,8.00,63
2025-10-01,33.5,24.5,2.80,2.80,63
2025-10-02,32.4,24.4,1.00,1.00,51
2025-10-03,33.6,25.0,0.00,0.00,3
2025-10-04,34.6,26.3,0.10,0.10,51
2025-10-05,33.9,23.7,0.70,0.70,53
2025-10-06,29.2,22.3,14.60,14.60,63
2025-10-07,28.5,20.7,5.20,5.20,63
2025-10-08,25.7,20.4,0.20,0.20,51
2025-10-09,28.2,20.6,0.40,0.40,51
2025-10-10,28.5,19.4,0.00,0.00,0
2025-10-11,29.0,19.2,0.00,0.00,1
2025-10-12,30.7,20.5,0.00,0.00,1
2025-10-13,31.7,20.4,0.00,0.00,0
2025-10-14,32.0,21.1,0.00,0.00,0
2025-10-15,31.9,21.2,0.00,0.00,0
2025-10-16,31.7,20.2,0.00,0.00,0
2025-10-17,32.3,20.4,0.00,0.00,0
2025-10-18,33.2,21.6,0.00,0.00,0
2025-10-19,33.6,23.0,0.00,0.00,2
2025-10-20,33.1,22.8,0.00,0.00,0
2025-10-21,30.4,22.7,0.40,0.40,51
2025-10-22,32.1,23.5,0.00,0.00,1
2025-10-23,31.8,21.2,0.00,0.00,0
2025-10-24,32.2,20.2,0.00,0.00,0
2025-10-25,31.7,19.7,0.00,0.00,0
2025-10-26,31.6,18.9,0.00,0.00,3
2025-10-27,30.3,20.3,0.00,0.00,3
2025-10-28,26.6,21.3,0.00,0.00,3
2025-10-29,29.2,20.2,0.00,0.00,3
2025-10-30,27.3,22.6,0.10,0.10,51
2025-10-31,30.3,21.4,0.10,0.10,51
2025-11-01,30.9,20.8,0.00,0.00,0
2025-11-02,29.4,19.3,0.00,0.00,0
2025-11-03,30.5,17.9,0.00,0.00,0
2025-11-04,28.7,18.9,0.00,0.00,3
2025-11-05,29.5,18.9,0.00,0.00,1
2025-11-06,26.1,15.8,0.00,0.00,0
2025-11-07,27.3,14.8,0.00,0.00,0
2025-11-08,26.8,13.9,0.00,0.00,0
2025-11-09,26.8,14.1,0.00,0.00,0
2025-11-10,27.0,13.9,0.00,0.00,3
2025-11-11,27.4,13.7,0.00,0.00,0
2025-11-12,27.5,14.0,0.00,0.00,0
2025-11-13,26.3,13.2,0.00,0.00,0
2025-11-14,26.0,13.3,0.00,0.00,0
2025-11-15,26.6,12.8,0.00,0.00,0
2025-11-16,26.8,12.3,0.00,0.00,0
2025-11-17,26.0,12.3,0.00,0.00,0
2025-11-18,25.8,13.5,0.00,0.00,0
2025-11-19,26.0,13.3,0.00,0.00,1
2025-11-20,26.1,14.1,0.00,0.00,0
2025-11-21,26.2,14.5,0.00,0.00,0
2025-11-22,26.2,14.1,0.00,0.00,0
2025-11-23,25.9,13.2,0.00,0.00,0
2025-11-24,25.0,12.2,0.00,0.00,0
2025-11-25,24.0,11.4,0.00,0.00,0
2025-11-26,23.9,11.2,0.00,0.00,0
2025-11-27,24.4,12.6,0.00,0.00,0
2025-11-28,25.2,11.5,0.00,0.00,2
2025-11-29,25.9,13.7,0.00,0.00,0
2025-11-30,23.6,11.7,0.00,0.00,3
2025-12-01,24.3,10.0,0.00,0.00,0
2025-12-02,25.2,12.7,0.00,0.00,1
2025-12-03,22.9,10.3,0.00,0.00,2
2025-12-04,21.9,9.8,0.00,0.00,3
2025-12-05,21.8,8.6,0.00,0.00,0
2025-12-06,23.6,10.2,0.00,0.00,3
2025-12-07,24.1,10.7,0.00,0.00,3
2025-12-08,25.2,12.1,0.00,0.00,3
2025-12-09,24.5,11.6,0.00,0.00,0
2025-12-10,24.1,11.8,0.00,0.00,3
2025-12-11,24.7,10.8,0.00,0.00,0
2025-12-12,24.4,10.4,0.00,0.00,3
2025-12-13,24.5,12.7,0.00,0.00,3
2025-12-14,24.2,11.2,0.00,0.00,3
2025-12-15,23.3,10.5,0.00,0.00,3
2025-12-16,23.3,11.6,0.00,0.00,0
2025-12-17,23.8,11.4,0.00,0.00,0
2025-12-18,22.5,11.6,0.00,0.00,3
2025-12-19,21.9,11.2,0.00,0.00,3
2025-12-20,21.8,9.5,0.00,0.00,3
2025-12-21,20.4,10.7,0.00,0.00,3
2025-12-22,21.3,11.4,0.00,0.00,3
2025-12-23,23.1,11.6,0.00,0.00,3
2025-12-24,21.1,11.6,0.00,0.00,0
2025-12-25,21.0,9.3,0.00,0.00,3
2025-12-26,21.1,9.9,0.00,0.00,3
2025-12-27,20.5,9.7,0.00,0.00,3
2025-12-28,20.5,9.4,0.00,0.00,3
2025-12-29,19.9,10.6,0.00,0.00,3
2025-12-30,20.4,9.7,0.00,0.00,3
2025-12-31,19.4,9.1,0.00,0.00,3
